,0,1
0,2259911.1369960224,2081979.5688481638
1,7063889.783428521,5087240.406253418
2,9646245.451661937,6238601.357892294
3,14525964.406802919,8098599.50694228
4,15164913.864773525,12688431.837294722
5,41432965.41627004,5383360.63567861
6,12675020.82887249,6366901.462262625
7,11941456.40707325,22972592.356153797
8,10842689.825638626,2770194.8701244164
9,12075814.7516553,2084316.6078063739
10,6360480.803652957,18302156.850880492
11,3465719.562564683,9553325.263763068
12,2900308.1496358924,14135967.541589867
13,2155707.8162249355,2735307.321729593
14,2246693.7964754184,6456008.289327631
15,9339489.609297955,9822645.582519757
16,5332063.338624096,8336890.059183682
17,31646131.241614327,36611399.23236903
18,2848329.3773969193,9544019.470692238
19,4405289.814734311,16961064.00911195
20,15045158.100794137,9222176.79808374
21,36879795.22806446,9680813.38542613
22,3567030.028011857,12641447.29678658
23,4218234.469899073,18715199.135955855
24,7728979.637528996,3142241.283513219
25,10833431.987187147,9542510.563965192
26,13335142.505612379,2481072.2843343024
27,10312454.623868387,7553321.343373752
28,5340679.330836969,13328878.500175329
29,16010368.521344533,13107571.990714623
30,15405890.405162077,12612997.938656677
31,8853937.838777356,2187373.204011287
32,12668145.38925247,1998441.092651956
33,11771096.491396183,9388090.47677573
34,14557703.776049415,14775030.374438474
35,9900271.586602375,4452346.2143319305
36,1952141.1939748186,2980835.203380157
37,8784589.747404374,25789271.152230002
38,17711372.592656463,4105350.062168485
39,14539644.118982963,10053466.268055663
40,8091247.02074575,42361565.70315727
41,8152718.076465814,4420889.268855413
42,12958312.952517282,6810772.666199396
43,2784478.0978092756,10802993.054440673
44,6340274.159211988,3713924.2700267886
45,2177214.0233672187,4219035.198812587
46,8262731.597228303,4964250.552204984
47,32133201.420032647,9846379.140964456
48,10289560.346328279,16278353.795173567
49,2777889.610521651,5694970.920641772
50,2010657.7343071734,5689708.440831066
51,4576849.687527934,1953635.9603030307
52,12864996.230065932,12364363.54148612
53,2223144.7980626007,14551048.67130973
54,7241271.515727714,25525483.78324942
55,3416911.668664897,1971319.6481843689
56,31709722.014325585,27640246.596285786
57,29242346.53015728,19102294.51455562
58,9515891.960263385,11231233.74187675
59,11432489.430444354,18244677.30780021
60,28549783.728608314,12646676.364739256
61,5523984.222513298,9381176.6331369
62,1947216.2769129842,15449227.271453345
63,2562537.416334397,10082619.020395938
64,12034337.725045899,2425985.858898505
65,16591341.580031237,4574295.706056194
66,6759792.61492669,16136385.356097503
67,26814364.824994426,2134157.100604105
68,13388161.12168051,6356546.210555891
69,10791689.905520571,3086143.742154526
70,20876737.949064564,17539080.24503791
71,36878127.65787901,26491624.611563157
72,5066449.06562671,25829087.172743354
73,2567791.304135714,7162429.73126955
74,4796912.471570342,3799330.222989904
75,5581118.672596941,2653864.5819570026
76,2122269.0644552363,34217483.42256158
77,19773444.788588427,11476794.946697682
78,5957162.008223154,2415148.411321579
79,17345741.536563758,28978725.39855945
80,2094169.694925347,18266904.84433205
81,13491118.008631412,11432214.159424137
82,7388882.17083671,5912869.731807525
83,12021764.852273647,2832943.995953276
84,16417735.35871606,16182155.353279764
85,10275540.015039556,19428450.32545139
86,2822938.9208750823,8907873.00450694
87,16997313.9690845,8932051.283413516
88,18118657.450452436,5474020.933753993
89,2585718.064356923,16965297.00779855
90,3286019.1177053684,4245437.289641875
91,1929429.9036356423,11938758.979864078
92,1999921.1996926945,1885731.4326409462
93,9970415.118511194,2310344.3368345094
94,4018977.1807634775,7469565.2704116525
95,4536060.0046549365,2234775.482802347
96,11390694.436333606,5798241.171628644
97,38955448.965554565,17400184.623696193
98,15862728.153286368,29385841.7073843
99,37691152.46202542,2601575.465756047
100,41127371.27079026,12024794.281870067
101,5356532.888668706,5354572.955086885
102,19621954.150305342,4236396.433085328
103,8431043.189718228,6565769.285681784
104,13014420.558198154,2111989.15710496
105,42491294.91705963,4536598.128861718
106,2232468.314758579,9459190.411075186
107,4353799.493819546,22690040.804056577
108,30333487.155982643,10898862.495091822
109,7763813.822121178,21828044.51851432
110,3005316.805288923,8761269.147288142
111,18158515.95345021,4461581.170903804
112,2027735.3335255801,14668861.138421949
113,2010384.1798113834,14971105.274432736
114,16985092.584204745,8368210.316010811
115,3685495.6602999256,1844787.739844901
116,9980377.0738189,17346015.63473643
117,3569218.744547023,30980969.45550611
118,11699167.526689436,4464338.046830469
119,1854485.1708165777,2809164.1306660646
120,22367579.62396649,12236803.827754598
121,15229591.659274442,22595284.01389559
122,3540195.3715221942,7660604.083777906
123,3416710.988570676,22243041.25764275
124,2675111.312915194,3633076.2810953674
125,9660874.947578354,11584206.759965194
126,2095775.4435922944,2900749.7977850563
127,2335152.505024837,5302251.233709794
128,25364152.754065417,13892984.918088255
129,9066959.969608562,28181356.406191386
130,4928336.048018582,33355716.35321514
131,10900885.36878812,9565258.30690344
132,2336564.509250635,18766576.205051374
133,11251052.974432912,3682308.380857605
134,17386946.793431584,2108761.683945347
135,15745445.378711395,2350475.880379193
136,2326162.1216861764,8577226.584705425
137,8294918.114824032,2022928.5175362383
138,1848128.7899131398,19246572.041670956
139,3739290.8844550797,2076550.1774439367
140,11428956.076527052,4649868.922000958
141,2908936.002388938,9535295.537480904
142,12493927.847169336,5605333.479096665
143,19576466.34429244,43741817.055353895
144,2182698.322544133,7880301.025789828
145,2679442.4943414223,7722592.76938609
146,15969349.45456173,6404638.703557195
147,8110629.344498477,13061465.47759462
148,2167344.601048908,6467591.836526553
149,5360654.134301918,2248991.328129432
150,12050870.932706982,48849458.113668494
151,10344863.737769796,27600602.418331645
152,3258110.919375392,10426379.398328604
153,4723483.949316343,19095520.14977061
154,13996956.819483487,25774383.16093956
155,6153487.800394042,3687538.7034918307
156,9986769.26314456,23447765.101325743
157,19795731.87743528,12182712.79611299
158,9563270.335605387,5672562.569000238
159,2021495.7762255492,12801627.638896642
160,13394817.978660395,12431824.10256015
161,17063464.289914347,2187801.325598388
162,6647415.712427249,7029000.565523156
163,9207240.822120229,18682282.16833652
164,8603749.911034351,2112868.3805593727
165,1999596.1268351837,14467652.28770217
166,3461948.307384006,22871276.957483802
167,18137450.01749587,10184316.761042511
168,8635523.918846566,4514854.813497858
169,7369409.668168663,10576285.62547771
170,7010008.908183316,7559606.78213844
171,2259255.2625098885,2425642.8792943982
172,9863392.78918663,6026752.824257629
173,4930352.899687551,8984361.243144484
174,11855876.909787387,2366011.6403069175
175,3494940.2151852697,7380003.114945025
176,8572691.748511469,7372750.156013317
177,19347329.272231612,7601288.33592433
178,13237861.81165585,2468542.268164382
179,13984104.532800654,18269897.750163984
180,3251557.79655769,10963297.669770954
181,5644051.96222203,11971070.925363341
182,2365371.645065134,8333082.445935031
183,16233700.479103025,13342226.7298657
184,4762387.567568238,7907024.7935168315
185,8714187.206539473,2325835.067815506
186,6226154.91398383,9089362.610133138
187,12881326.385944149,12300658.476233903
188,30734707.06552495,12282579.665296007
189,9283557.591818796,2156188.858165369
190,4400158.666484217,7683914.867823436
191,14860572.037391173,2480081.4779220107
192,2718994.9922704366,2623979.9147192477
193,9576806.709805973,12136516.058768215
194,3555437.7954045734,50016074.19073208
195,14248871.158287328,3892359.978170922
196,2395416.0543231172,11016158.280203115
197,2883362.8813774716,12613442.894202245
198,2050639.600444837,3123679.051884204
199,24931055.151708353,2240174.033340194
200,5811063.737467984,6327166.067468863
201,27678450.822958592,7050222.702317379
202,8956695.307659853,1837025.2556289712
203,10850156.982115837,36548751.454709224
204,2945788.4587646876,14433115.313285815
205,2225543.4310425785,3317892.955718727
206,2134894.0377279883,2864059.8167265914
207,14227151.059685327,2909667.093934855
208,17268471.816578433,3735064.437130539
209,13552457.486337217,12234929.521300158
210,7019674.971759257,2074534.3842693602
211,18028044.029208597,1870915.630283839
212,4626415.217682332,43457719.74915188
213,4612442.890246708,22120191.95019508
214,14188291.293628614,11939886.894155238
215,7992167.33276312,2732988.2147202827
216,11280900.046302484,17695455.130826414
217,20831225.88197672,3366868.53986582
218,1880426.8853494972,13750192.183521897
219,24165135.97571106,3355694.057555762
220,5603932.525968686,17817450.25836283
221,3464277.1829641815,22485722.496073037
222,2400266.9629949136,2203557.148230699
223,2432423.1849813443,5994334.964313469
224,4723097.113073754,10955354.120418603
225,11725665.423336659,24908100.986723192
226,11153606.620504325,15238979.882241827
227,9410581.595965631,2510661.8604230317
228,4336112.354224088,5218938.209572922
229,3964765.1306512686,12751435.180546638
230,17922639.949321605,3025967.0329116965
231,42420309.61734384,2976970.4108615373
232,2477998.516525549,31605167.105892856
233,2124535.6545098936,11088662.766091144
234,2272800.915039435,14955526.90026152
235,8912383.515064748,17858229.74006872
236,7069703.402382806,13912135.214067936
237,2898351.075744711,17967488.747563764
238,19453513.68513023,15729969.633198302
239,12524258.092778135,4233047.168825449
240,13111180.097579518,11522784.2653272
241,7984552.441409881,2725114.749308658
242,3846916.6310413736,2349928.4220101796
243,3227701.724732316,16066070.283704417
244,5045509.037375934,18305610.41659909
245,14574753.085698662,24406828.837763235
246,7660087.68774007,3269594.1357995775
247,21085557.62389111,3192347.7821513885
248,2010354.1387742604,29053694.28221838
249,5845434.075619695,11493408.204625383
250,19598932.0778166,9533051.10491351
251,2096050.1298290922,14427210.392064344
252,10960062.770705393,11409420.483035373
253,11413361.065050684,2202956.650794731
254,2418652.447117902,5501330.449101859
255,28517354.55678613,19488667.520284694
256,16646486.008199535,17373844.051213823
257,2042624.702057882,25555357.795639217
258,8100980.966142214,2135102.4827051326
259,12359149.169308033,5238276.910656133
260,7617131.406706687,2733565.296249551
261,2647904.800744343,2098946.6034363
262,2297732.32985444,2611042.9153517713
263,2963509.102381519,6629601.928605433
264,7686374.474260458,11178841.699234895
265,6311076.406792102,36877724.875869565
266,4031475.1922157016,8743035.54928446
267,12898934.993172064,44197919.09115813
268,3728523.302175773,22722477.07680969
269,9798047.367734062,17004621.675625864
270,2251014.7196304537,10166693.070928544
271,3396942.1750958306,3813905.0697259665
272,2559255.2872425034,2023410.646251303
273,27519641.834214106,27358028.962403547
274,13947327.269591006,2641261.0453968975
275,16743695.928589832,31540458.530920327
276,11332643.211947378,4289181.292776745
277,9752999.085271249,10802790.382351609
278,7015618.335606526,16762184.994365368
279,25958406.216148574,35376955.607431985
280,6458762.085177692,3457249.702018387
281,4833948.016907417,2039628.3562408395
282,13707964.065287357,23850287.88116244
283,11984084.806154005,2110821.3804676943
284,13430971.722998178,2496521.892041001
285,8421754.206382295,24833186.054975696
286,33638906.705005,12289298.332480546
287,13673417.23073305,2643511.729405741
288,10219602.890663432,20596345.125649877
289,25677201.85575093,23972876.622485224
290,2691805.4860642757,17068081.289887756
291,14710131.723593172,16087912.594281701
292,9386160.26985126,29756706.92793135
293,34603004.52239598,14198884.997900402
294,13672207.613240667,4377467.222364616
295,2222225.2637483166,10961064.876289302
296,12846200.746774344,18093539.81406256
297,2530048.131034286,9422680.711475182
298,38890154.52763619,3114802.620655327
299,8601769.834245248,20649683.05821208
300,2975508.0314835254,2542355.491278409
301,14872277.10252821,12258307.499835296
302,5737739.728491556,2825965.6882160837
303,7124662.969960786,2058370.7544281187
304,26240186.187883273,2378379.8642736357
305,2954308.8167176116,9955150.84453451
306,12074523.678232457,2318804.373114569
307,2019847.9197464252,2050504.0150304423
308,15763350.928968705,37823419.98213955
309,7409120.179340758,3330357.199672369
310,19069556.553823296,9534878.22498053
311,14591956.273963131,4287205.124856781
312,2291742.587574228,5281471.711356777
313,31823586.659985695,2632263.6749118837
314,17515074.168501887,29098268.460512295
315,8625217.229031216,30525220.907190423
316,27438913.188643064,6417309.730451867
317,2218598.1164741167,2118023.64549777
318,16538840.217482967,2692740.9436421543
319,13652671.547083687,2913608.051967586
320,5691669.314574927,7495016.014601453
321,13477439.586065363,2737355.816325825
322,2792521.244832508,2957420.2485449524
323,10608511.9952764,9707430.818096602
324,11694413.115843575,2309591.282282144
325,10630656.27718327,6887606.9975753045
326,3134922.388245682,10266772.910096906
327,26577152.774869148,16393005.356592026
328,5042769.185811096,17178900.324615564
329,11220086.2539733,2388730.696104928
330,7758386.559730063,10544914.051572513
331,6061483.341261705,8680773.89111181
332,17615186.857684337,7768528.775994487
333,12323756.677468808,7432812.565554277
334,14766868.130439876,11559935.266349332
335,13164910.653209284,1888193.424943641
336,3242318.314341936,1992714.9875442786
337,7833413.386172673,4090168.7647526725
338,8942433.38110282,3028161.604369955
339,3433121.368554094,7500041.900955415
340,26658312.030563325,17068532.776440106
341,17869183.810489845,3484593.208135299
342,3842917.6382460976,19365558.842800036
343,3274539.5695163365,2699286.7465153243
344,7890305.969179215,35369139.66993214
345,8490213.08682472,9580335.53862071
346,11406003.970891055,2173830.5541901626
347,18174909.48572358,2292222.8180593974
348,33319155.600938078,2232338.828395305
349,5289536.643985829,4012071.0747570847
350,9051940.19412973,11090304.375201695
351,2129110.156363642,9257617.535243383
352,14702545.774658479,14982634.10466431
353,36951620.1401364,2856881.789251904
354,8791848.236977253,2702291.7465473237
355,11430471.870826073,2157514.5220616693
356,7374923.825663048,2032086.8994783855
357,2336665.1100666057,32929299.38897592
358,2775983.711222119,15599999.950507628
359,12494566.223955734,11921319.576841393
360,10082898.24121873,4154919.154409982
361,11859675.049378721,12676057.195869783
362,11811813.97780571,14087350.924994959
363,3909018.624650827,25859633.44829227
364,25444775.94809921,11568085.60479759
365,11635264.949789388,14428672.86754287
366,2977831.7432658677,1933091.539311281
367,10118179.723519485,26169039.97340769
368,9543075.70272702,25091717.13627757
369,14473290.762347098,3672991.4820816834
370,11932529.214858022,16717287.431191975
371,4120428.7000960866,35358526.55621529
372,4203648.278192955,2798464.52307528
373,2848296.0687855356,16985155.433359727
374,2954083.7250074544,12012876.64278299
375,15484945.642144466,2521266.3482254855
376,11167335.156567616,2002311.5557290125
377,2131493.655670876,28071332.464919258
378,7635159.313300981,25197926.72789871
379,2945761.8708675522,7201013.687450501
380,3213847.7274602875,14181630.34329817
381,4871145.000850934,3212735.9195788954
382,2398302.3932434754,5198043.800176751
383,10764251.197155615,20641215.63110754
384,3209444.843086262,9399078.129056765
385,7252393.858202229,5214142.161537959
386,10451045.313538352,11075664.962511161
387,16442063.314725779,6781325.8569749165
388,12071870.880080264,14876560.202274421
389,2187200.630771447,3692443.31582017
390,12681797.151306825,7612400.212775231
391,5088562.976030871,3057035.017726422
392,5639308.616726468,19832255.80231901
393,8608402.793009296,11344180.471165817
394,7476293.458482945,9107314.907624496
395,9523379.010597382,6729075.942935588
396,4738599.1889945045,7477911.044527246
397,5707578.3928660825,8776201.749006445
398,9944759.29854676,32431582.688406136
399,17484060.596662067,16140063.331095457
400,10795818.902396785,21556813.399509713
401,8800528.059767962,18251537.89982062
402,2233338.2607819582,10901216.558947723
403,1941707.3974537768,12077011.961640691
404,9801706.58396701,11387237.109991545
405,15958459.438323626,9379119.423251752
406,3198338.027260715,5368450.618366271
407,44404581.63420535,13782086.0281072
408,2779474.2330447705,6957463.480999114
409,13033098.52286595,10343531.061970789
410,34361782.58529465,7870179.934470673
411,12885379.880152244,5754285.526653043
412,17177101.055497475,22847980.859726906
413,21765013.306303345,20715323.042725507
414,12145905.796280717,2181424.3746035653
415,8603907.302039575,2406574.205806709
416,3042963.558792493,4716696.425001212
417,11812664.670962295,7465057.704806158
418,20079458.401684463,4856539.929776687
419,4271291.297479744,5564919.658199464
420,12371694.651495336,11377877.261440357
421,5468575.667110502,19665300.371287614
422,2548334.615136143,10832859.681902327
423,2926491.0378400427,7548809.60727713
424,7369980.65350819,11632166.842223108
425,2296015.021078852,14974388.240326757
426,11965456.11237098,9373403.18774353
427,2197613.7063850746,4971724.226175742
428,10652903.075700136,7955962.532319978
429,11425502.285944728,12424636.750829611
430,13071493.79808104,2220115.0107569634
431,2278056.8223536774,2944438.9383584997
432,6446404.209178608,15316499.136839662
433,9662621.367177578,21311321.330874674
434,2184845.6612350736,2769562.315200677
435,16505413.001474554,14024320.948141146
436,12573459.740039878,3092538.959581639
437,29083847.306962833,32801683.17459316
438,4553688.205676902,29146972.149740264
439,17424099.499239877,24541676.55915445
440,15731055.606752286,2465833.23208757
441,10711797.250486495,10030584.646168241
442,9813165.307732332,2182424.2869591885
443,2344404.524916947,2312554.8376844805
444,2191678.101190295,12145077.71675069
445,14343092.43528687,9538673.056891268
446,18576628.483426142,4045168.8287212006
447,9000145.1584546,6896552.268461217
448,18269093.278637912,33975287.283384815
449,13587825.123972233,5241398.139261382
450,9599914.414180323,3701385.031802088
451,11892992.171498876,15079663.03169584
452,7548432.881562406,3548343.7803414506
453,13723921.92196858,9330179.198908081
454,13855451.566491278,8019164.27258698
455,12168483.92585307,13457048.6103853
456,9330859.211795127,40021399.35766026
457,23209959.24367555,14282466.221205872
458,11248218.594553817,16325859.385832293
459,6778276.850144295,4141481.888302572
460,2150254.7226254973,6169507.919573528
461,4220695.807605619,17057469.636991512
462,36559424.77663025,9824214.73392007
463,14521257.136252897,13703260.156388871
464,17864409.45588805,12115212.917077025
465,15293641.776507774,4789850.304073609
466,8862483.710494015,12233474.138762673
467,2472500.041275833,4331955.060988949
468,27658255.384802263,3075110.039160041
469,1824235.047216115,11300370.009262543
470,15229445.413924728,7431592.726973591
471,2925263.940884061,2357261.790041436
472,14922032.016245853,2767059.577040559
473,38850551.95028787,4079082.634443374
474,5448445.3558337735,11480058.519367883
475,12253559.066661991,35672648.9701754
476,3009016.338866875,10889169.988247674
477,2761971.3453891454,5992368.165849863
478,18002549.6319982,17171533.11097389
479,31628385.885561552,11009763.59816404
480,8468909.04467226,11309750.018329136
481,7322126.380034455,8887201.005101547
482,10164686.058724783,6308702.885009176
483,6594180.977232996,18757360.41809748
484,2238772.968852891,17193093.256266903
485,3335443.9279203042,13442034.13278185
486,24807335.924171295,4196271.51506856
487,2591124.253066463,5534819.94974156
488,17194244.042983025,13741975.983785437
489,4917277.394071849,2330237.9363018116
490,7917734.863366861,24045692.68007151
491,17639323.5433722,2081782.0090034823
492,4999668.0661637755,6832822.197849601
493,9305242.650668848,13011792.90416806
494,2120697.458168739,15841350.323623657
495,2366919.5885421857,16103708.357789861
496,2185967.9441247224,12797721.676981132
497,2101293.3999585533,13109393.453823721
498,16225878.676816937,8207521.867360381
499,19173430.885541063,35564613.56649404
500,2760465.197387746,16477342.617003327
501,4866499.786805615,20493974.455499854
502,2415253.1468476974,6073665.510850688
503,14037702.679246847,15606234.055710692
504,3941702.3653288293,2567370.172314275
505,23230476.975582816,9228215.266502552
506,10047724.279644875,2708574.3593428046
507,9239539.902602872,5960234.290789533
508,11669588.199000837,25653767.613043137
509,13317494.031304846,9821403.025605753
510,25293677.562852558,30427863.650181998
511,4050653.5260342006,7741122.279699513
512,18070916.96299095,12140488.018543595
513,36061844.84306478,2230600.4039585604
514,38674904.8383503,21068908.094358515
515,2751328.5612494457,2021668.4667082748
516,3872231.0817898805,15720529.600686181
517,4124534.798358325,12148365.818018945
518,5548390.8699457,35053075.14384165
519,3898756.046343533,13275956.44723716
520,30517472.854178507,9346099.130941976
521,29847853.448420495,15779691.779484665
522,13102297.880865367,11801794.82880575
523,5792982.204742871,5523849.9373697825
524,13255076.052243212,16577890.06338943
525,16346236.269526476,3505646.151724788
526,26895575.90038003,2051893.3268226339
527,2076426.3310117754,13431816.973371973
528,2246195.9528457243,20379475.721410673
529,2076015.932881773,2951024.7540912405
530,7909638.06006923,5797856.767662693
531,11369805.837722434,12211954.89586244
532,21317205.906176005,15079253.664911179
533,11757956.283664469,27915899.779648133
534,26154371.156822536,16428021.046629548
535,3029913.925568967,18812687.85835892
536,15976621.477014074,7548866.870102631
537,7696587.205318528,11727054.86674645
538,12941758.136127224,7390055.239005511
539,22522966.985188015,12388320.267831938
540,10007378.054647578,2262112.276719951
541,10112036.540692605,16052573.336467527
542,13121268.661971323,8633058.940079445
543,14512662.177889915,2301643.7539710137
544,2141132.578785744,27595548.82872875
545,19086156.310551956,11873381.975359408
546,2651173.258301171,11374943.067883423
547,14746511.903855229,18208189.99558629
548,2399590.196315309,34626425.88276222
549,6126303.752721434,31078984.257310472
550,31122107.55534698,14093355.929622006
551,14557855.91148281,10446031.57267747
552,10091659.938277762,36986135.683811024
553,6316276.405994114,11653485.66317004
554,12364784.425469823,10082348.41634486
555,11422380.567525038,13171961.575636068
556,12303164.528750587,7142849.094607207
557,33390900.60446553,12835279.091684833
558,2372665.2914015274,34279346.08884231
559,5483695.154986466,1799879.5547545804
560,8849598.838026032,27174363.27967403
561,4772316.850366962,2511331.352479673
562,16911462.168266647,10552435.63833108
563,4525208.009926735,13384831.809379943
564,5261736.548536118,16131635.325270394
565,1982976.1809772383,2070273.7227674602
566,5447162.370166439,3130511.8230749522
567,6004787.601613069,6310766.010357471
568,10383708.241073117,27755944.60473811
569,18707212.690224867,2095662.72320459
570,12240542.67037866,7376326.364645486
571,5573476.857902033,2524839.87409095
572,35428873.5319201,12174872.485039108
573,28833141.183498498,22315350.599486016
574,36646097.08676239,4561087.76311343
575,19643757.724654827,28687510.722189084
576,17727887.83614771,11935030.296532277
577,2482590.147478794,4301650.076653114
578,3785253.5076837246,9240097.656144865
579,4605251.556676825,18245333.03250263
580,15986097.678170461,11612913.381900288
581,9374933.7806491,3270522.8001303347
582,34750228.78295616,2600929.444216966
583,14476471.588619813,14784072.54157276
584,21282531.272833645,14876801.823050158
585,2063089.7199331662,9374523.197203062
586,24995305.140555274,11577170.512495415
587,7036476.736751828,2854037.392084222
588,6990345.035372002,3030096.188663704
589,16869529.002468023,13541886.917735822
590,7287449.239213498,14070416.471342701
591,14160114.07460641,2149554.1734840106
592,8576538.35687389,17176771.806865178
593,20041391.93656217,15204592.95410924
594,41152162.38832096,15038859.719796322
595,2056748.1403775832,2872795.736779211
596,26729489.032811232,8912806.783028822
597,3440498.652512589,12944480.337487204
598,4581599.899434481,9622531.53587498
599,11816879.58829911,2131635.4444974763
600,2223797.908470987,10830943.973224496
601,15727449.6953606,2170493.9285068903
602,17127592.680487987,12077869.585978318
603,4103412.734387964,15301895.61544022
604,6041388.604552797,12618950.857937114
605,7922730.349074782,2270603.1393869915
606,6703364.969987729,16914228.601364203
607,6733499.717174787,15921271.617928926
608,2204070.5456643016,12038349.822687017
609,13417125.245375585,38274900.54593182
610,13230681.19930669,29083519.780962404
611,16791296.667229436,9725660.265894389
612,3874467.7856835355,6017496.252411445
613,17946210.409448,8489433.3612715
614,2114234.992598852,2000424.1889755044
615,36283786.76715432,21238590.807302963
616,2105808.470145967,16700591.814357549
617,6701909.230020816,18400420.87850834
618,15313434.62186548,30548682.045144964
619,9984921.513256392,8434502.98059122
620,29182616.99605389,11304425.373176387
621,26742163.96023048,3720101.2240977446
622,15784013.641031725,12678228.340041801
623,7779789.00073335,2059248.4417084306
624,2621379.70148993,29960189.683789004
625,2988970.2415501773,15252118.516474605
626,8762118.605487598,1808493.0747759307
627,8016563.389181001,15502207.237248402
628,13841035.213301234,14960231.308721254
629,37512601.78915084,8975237.252718698
630,17024433.876281213,3527373.4009767515
631,2187313.801932366,7272691.875089841
632,18666396.1088441,14422585.991694458
633,21049463.196849294,7158086.277423784
634,1993448.8333065074,7652342.51337967
635,2208542.662923208,2988750.258469091
636,4222907.839836142,11172922.003433611
637,4698606.180639636,2735119.444317967
638,15064003.145128297,2352351.4047602196
639,17942314.89631052,3283699.670027486
640,2194524.022081527,31393388.728244577
641,3592047.8001923566,4239466.512135539
642,5056504.93943918,31656382.257595222
643,14764240.0010375,1986146.494544791
644,5937083.777034095,24079514.072241597
645,14191517.765169628,8647347.111958245
646,3923637.4011073555,2559899.01763679
647,25441873.645516064,3788160.361525462
648,2907236.112909494,2083308.7338444996
649,3528780.7927854513,7598643.2330555
650,5428352.5030055,3797013.412794175
651,2397323.1611128254,8570360.33142571
652,16050888.279471477,19204170.755970318
653,12764180.931687614,2206272.5714053703
654,4492721.99081485,16029665.609435337
655,25727475.757125672,9716812.983035114
656,2331298.37795851,26636522.459105663
657,4155818.602138593,20648404.908656757
658,3148385.7804264585,14273571.63277609
659,13909809.420482256,8236519.6829848
660,4876791.859713748,8596240.752611762
661,4068828.467711328,7445086.351329825
662,2668816.7037402214,4981715.843382425
663,11918554.625576586,10570952.517457297
664,36833345.37125679,13235754.18275929
665,1763393.509031251,11961746.385001896
666,15486134.299844695,6149373.934122945
667,13824673.962722886,9715602.309212076
668,14264228.754428191,17198321.15552379
669,3769559.331559488,5304935.82021708
670,3007932.2442862196,13565488.708144756
671,15416952.869582953,26876614.225664753
672,133466807.55433942,123247991.20106265
673,1981301.4664936564,2506027.9670890323
674,6680939.804305899,10895881.766224544
675,11673232.86960352,2012678.3194400114
676,4512754.512982409,30673077.630438298
677,10477445.682664443,3722501.1166191828
678,2776898.8171405103,13519591.586739814
679,21467710.015918773,30852961.404812206
680,3669112.8506192216,14361667.068096101
681,1972834.7589578822,4472885.745288277
682,14690135.490610145,35059675.67369315
683,4454313.862411961,13889564.055007583
684,18654563.20800136,8013037.502484806
685,1842253.7483756435,7602460.158621506
686,4887550.915313088,16562036.78478086
687,3293391.7519058855,3678527.436513759
688,11257953.90911206,33044028.459767196
689,15689192.564697372,2714798.0031175273
690,8632634.0362664,2892157.021189083
691,9374109.282707306,17188431.173018772
692,22832075.63294583,7130525.516361185
693,2946210.846380547,4134660.0952451257
694,9239153.537170062,10564290.211059425
695,12260844.368181715,4786777.542159445
696,14016884.86479687,8668927.32149086
697,2048978.9622908996,9798299.733537927
698,8815856.740521831,4965044.5369312465
699,4089385.3427150673,2052902.8367722544
700,10336627.542987237,2800933.8886889373
701,10145644.174745332,21696613.891941443
702,2760867.110280826,39171374.19489703
703,85415151.43517746,102059423.23887518
704,134131510.61571446,109511294.78576985
705,2299011.0537019484,6557676.712219912
706,23276556.950380083,10789038.598674176
707,2064173.8188864405,10373375.897215847
708,24040886.572459724,2812298.260591604
709,19295091.52727067,2820520.2526428346
710,1925711.5573044033,12756806.60915984
711,29415264.226408936,21956110.884886477
712,12342829.180911941,13660638.599426152
713,6051504.4618722815,28030051.56759882
714,4021275.1347549525,9887641.314545153
715,9891653.499981398,2212174.321954709
716,3541152.7923480063,2236684.355099913
717,1917582.6468350128,10526627.622924121
718,15408779.782144798,5538824.9278008565
719,3420220.334961921,15584314.785136957
720,15697963.194654154,2016878.2883677965
721,2088559.5958664115,3637824.622881726
722,20506121.15825356,3180794.9384065284
723,21018187.03235321,2515303.639343488
724,13670005.574180447,31813243.141972665
725,2597811.7159133665,18626974.02305418
726,6529431.326718227,4239897.66931646
727,26635331.830396052,3781662.3511142833
728,2998546.8826000122,2609994.173894244
729,2691590.9147618264,2460909.3530593645
730,9380176.378954947,12266901.257875027
731,39371663.71536599,2160527.8292737505
732,14723479.63922858,3819542.8583973213
733,14828840.88817588,31113783.365464337
734,25839443.180129524,8875791.698283892
735,2953464.151600058,12005455.564506814
736,17579653.0741771,7370311.640056422
737,13378831.174771037,2386283.200878462
738,31030255.314626783,37632063.14041142
739,27830906.402196478,44845967.342006214
740,2313749.407064721,16939691.650440454
741,7056783.354224716,26253657.211627923
742,6224211.591758413,5778599.957587826
743,4660115.626905048,5630882.520908765
744,10016041.254646871,7347409.6692897715
745,2584385.3465631083,31567897.097727664
746,3235449.725764527,5491747.934986492
747,12450450.4226819,2256273.725367657
748,3630844.6597359926,17553047.585687075
749,2161858.3581184754,2981352.239338249
750,3548354.432937478,15554553.612064168
751,17113852.322409235,2341996.6453105635
752,16186652.186407976,3056134.5974425403
753,2506487.1474865302,13859559.47000336
754,11541920.938246364,6816161.819311195
755,30346758.809434157,26778698.327495735
756,6055175.646147165,2875856.940968984
757,12741256.339835698,8856805.183273124
758,5592566.194283631,2617007.6987993023
759,13513586.487252466,19667140.43588797
760,2240161.306109554,4929909.58105997
761,5225079.195169334,2342397.057269224
762,17445547.725226544,8971435.637675181
763,13207569.158572808,33360053.814403098
764,7312277.019481892,7780474.879754236
765,6164816.652658239,25052382.1797475
766,3943777.653058431,2194817.6481692796
767,14120592.562564233,2018979.9776379685
768,14801013.004572509,24648221.660087027
769,12041300.057245238,7846004.806423579
770,3160045.756310197,13087263.24886438
771,15914168.34063415,3287702.7638434614
772,4049274.6568470583,2284018.9180480447
773,12377434.050344434,17039212.640566424
774,11828495.916244455,3299611.0774105387
775,5422843.783266433,14723402.347229518
776,3746822.8242911785,5334473.893005239
777,1863885.0094356108,2614746.992142116
778,5884715.837389618,9357183.838947747
779,6831028.839475363,6284877.41021966
780,12143493.738187524,4214948.400944822
781,2212657.344997984,11498321.10905095
782,5429707.524714047,17089892.00632888
783,9572078.090682719,2523111.2075461796
784,10352630.524407629,18259834.63700547
785,17704165.292608798,3914122.667218127
786,2395390.579905348,2612104.0290803225
787,15560169.022735009,29333994.113064017
788,13144981.400538422,10668152.960305557
789,8348626.366090492,8796186.46261715
790,15476480.041062403,5703585.618495417
791,2576102.210924137,13556844.817612717
792,2404298.4950357503,1880694.8791190994
793,27110817.253077835,4389796.149121859
794,16529810.295391116,2684075.368913794
795,39865234.657386646,15730619.006639043
796,14575122.856998734,20682918.30984635
797,4489296.836288868,13290852.611361533
798,5456906.644450639,10019087.235007225
799,8505546.422838034,41065458.620082915
800,2117809.8415058115,13604243.05902004
801,5038008.497710564,15798185.03063036
802,24779721.839736294,26637087.100869313
803,4938651.722428182,6403940.729290263
804,16390847.025415292,2547672.8353331564
805,27496405.652101412,2975438.208993139
806,7476215.201971565,14639980.204826033
807,3853499.43578662,14280699.14252121
808,3425102.10438867,4216367.05804631
809,2707947.0726755247,5851303.924067643
810,14358587.44328348,37113975.57590548
811,4758205.07493713,28053169.874345753
812,5849007.424054234,8586541.419982772
813,2002499.8897344624,11911630.50423274
814,12640686.823579464,27597486.71058545
815,15581413.222598016,7652191.26701704
816,12293923.340850493,23919294.182992063
817,3703564.220666386,14905277.424871696
818,2740612.9645035584,6819632.024730472
819,26628136.807460107,16239426.819406051
820,2491442.9464938426,16151909.862041395
821,8503354.92440193,28312035.142354663
822,11588337.879052194,25732561.80939586
823,14550881.300616566,12643849.343118394
824,8382068.036484838,9861182.35926126
825,8213727.148258158,3562936.696436425
826,3737825.5074130367,17072355.31488808
827,18262371.804609712,11621704.454434784
828,13178402.666547235,12046285.868580122
829,4102668.442067261,13240135.40515453
830,12049546.88648593,2221577.3592824396
831,7888468.538426744,2558630.810488088
832,27102873.216688663,10235276.027428629
833,13096241.697418598,9730735.764391731
834,3108416.21539788,1978415.7452403272
835,2050919.2822073763,12062304.910112882
836,9128880.895828322,2214396.314605214
837,2545410.8103720117,4004577.094975335
838,3923153.2960041277,17587324.893731225
839,2052877.8349047552,2097469.73922281
840,2073135.0937117636,2069564.2383596057
841,5711040.458418638,4045261.9367994526
842,14318034.88205695,9731904.686007064
843,3651262.081754745,11362877.97153467
844,21119723.71974535,8355256.286196155
845,4183972.3616477703,5705435.117176506
846,10044247.677683637,17291934.35441608
847,27194995.913148254,13297137.54273761
848,2685453.35965793,19915766.40064202
849,2250900.760238836,2300097.4197177817
850,2018223.0844930534,37315213.177452706
851,12114486.30859683,15612378.073791308
852,10912439.816323588,3884649.99475044
853,9314010.293645646,9197247.709907085
854,37190702.90128143,6273577.7719693985
855,12086073.292235283,16124584.31849273
856,13438056.545437314,23856056.938732915
857,5481916.666594623,31593352.801637378
858,2261397.010531498,4042264.096269317
859,15671260.25954622,34761366.95735437
860,38744305.69488078,2510649.4938157354
861,16469764.82629767,9605332.659354428
862,41479820.744980276,2132636.7736879275
863,10239040.350284679,5787296.010915865
864,2668227.6780453753,12030301.369471693
865,24036090.050844226,14729409.687466295
866,4697864.386173925,21106916.17760646
867,9199602.681921978,10596486.7003669
868,2634593.8675334994,21885607.850377675
869,2129296.0313950297,10277630.56986711
870,4437972.880491718,30051152.28432949
871,9947538.068639278,13689068.808644993
872,4084295.371241648,15364081.189319586
873,14909927.127336072,2444323.32087845
874,12353531.980145516,18526394.94525422
875,2316737.5813857596,17218170.907508217
876,10307628.213437093,15990243.972580217
877,21211277.743509598,2490722.1065239445
878,27478371.239159275,7426088.231407052
879,14421908.84895034,8409455.194660893
880,6529123.136818529,1974622.0567767492
881,2451641.5449415953,2164704.378933021
882,14785606.545750506,9309929.312522551
883,31093871.380748216,4131590.8102890695
884,2504179.966906066,9296742.330971014
885,9712687.893076662,9072922.670565858
886,2736551.1915680394,2477498.054474455
887,8439115.99311941,18083281.977475166
888,2422444.484983601,5767988.550098852
889,9318760.846687287,4455268.957356289
890,9970082.482200816,14415819.488051785
891,4206430.337105003,18273758.910337634
892,29808537.2484645,5257917.098360554
893,5140721.945005347,12153493.402883904
894,5278943.515940221,28198969.455230918
895,12288582.47994639,10812369.155779872
896,13295383.547538852,20172806.260403708
897,31843384.66632369,9560260.576438371
898,27370454.40392441,2330615.5289970357
899,14925310.359321559,18684734.48045037
900,4420574.694917969,14086764.643713703
901,15778670.22675398,2697210.110676822
902,7876994.16294855,8186167.612546473
903,17487268.779703625,15347117.471034406
904,9916197.6543211,3424299.7888641013
905,31867941.184153464,2305964.2835724982
906,13792250.219187194,11741121.725108853
907,1889460.4065190973,11623622.57630904
908,2412625.418317488,2346794.5234438134
909,12752596.431124192,38911206.02562791
910,2037581.2198404935,8489093.170667259
911,15439929.116746135,2325516.5532251922
912,11471908.138692308,10582337.06108242
913,2508008.6801943956,2670891.9057320524
914,3474426.34643748,9869891.160386866
915,9793050.738029486,7198994.20588512
916,2049776.8595576177,15853099.535275154
917,2050727.3326848112,37726260.1657878
918,2160050.2117480836,12327076.05924498
919,12012484.174789378,33056745.864456512
920,15212257.513627818,2988425.5297886403
921,12919627.605268668,2822714.6564939353
922,2063414.4684091038,12827912.591992218
923,12001241.332666168,18297325.60538023
924,4445571.479039238,1988356.1924639249
925,18852113.523944963,2880340.946234794
926,30280482.731589574,9052204.963826528
927,4794970.235000851,9377694.710038472
928,2540843.1891666558,2296066.336783049
929,7645113.161489502,2113184.2198862573
930,35820494.08085591,11052927.973693449
931,13256585.330001688,1764042.8999947198
932,3197109.064363812,36913679.40442188
933,3437251.737750065,1897910.6456222974
934,5927493.45758921,16927475.40876426
935,25428339.58244437,5278785.615118631
936,7771015.813287218,13406085.127869671
937,19505172.474600088,12416299.837857237
938,22669701.882608242,30965997.972455677
939,2328178.9163304465,19140602.606759276
940,9193961.249030098,26253982.919955675
941,3360766.953273928,14010331.010511981
942,36586181.80207497,1890519.9113708003
943,7819088.778356816,5848884.957482549
944,15853030.686718868,2899304.8066328345
945,35295237.70235568,11313144.23218154
946,3393681.6524140844,9474128.930709902
947,12914243.086665202,13033500.763372628
948,8253592.046906039,5478244.578789044
949,13760640.829045026,9677825.659594005
950,7239282.569019876,12510804.350639595
951,18454747.202439427,4229894.4750982635
952,3882465.585148539,10882379.772278944
953,14137521.659775192,13106256.332465587
954,2175244.7548741493,8542249.606949994
955,11994864.9210289,5142736.802662713
956,2124108.47771674,17956290.626499236
957,3517145.9079319905,24997319.18160125
958,14990623.15277521,9153044.228250772
959,11971719.567738079,15744634.160335902
960,2852404.731282883,17339980.180405345
961,2917554.3821825413,16870452.86909528
962,3701785.2344409944,9959777.74891861
963,18193035.725808665,28586668.37545704
964,12153225.372013396,4337098.902000192
965,2805997.2655152464,16034855.394252637
966,40059905.50385713,2365341.240350291
967,10255746.564332902,22496654.517053053
968,6991810.381813823,9544730.305472046
969,8648981.578004392,3424304.473233181
970,8938248.39735056,16981619.243451223
971,8375416.172088994,9145734.989926277
972,7103416.556121839,2049304.089073967
973,2650123.463305218,13956705.972302373
974,10769137.390470034,19073275.83082717
975,10124482.31027372,36781924.96360976
976,16849284.763579752,9299068.900450327
977,2190165.0561934765,10394656.917466074
978,25100679.15062721,6393142.001402842
979,6525867.253401305,24796460.110705014
980,13866144.796454012,12661529.188970562
981,7896697.648154777,2230289.329825899
982,5764260.971884499,2308808.6075302633
983,10172658.946455248,35224067.66974798
984,14795944.757984903,7518355.169305192
985,3125902.078881554,5820866.8400419345
986,14236967.402580563,38558785.67056808
987,9639607.5689077,2134800.57875862
988,16234284.494281182,2166294.774945319
989,5462183.580100897,2197956.08784003
990,17040172.274970293,15783095.895140847
991,2686968.3822550606,10225247.91643469
992,25962240.55867669,2024746.1132828777
993,11739185.447655417,10658659.036711017
994,13373345.544299103,29403488.603655577
995,2806153.7792633157,15209758.532926545
996,3473099.3751672027,41566432.96295231
997,3665104.797586147,32251732.374555722
998,2539029.140411106,14985810.436011618
999,27289032.20471835,2182640.2489427566
1000,5491594.4286717335,6255438.898274464
1001,4230099.486134142,4531999.164392941
1002,3063998.134378216,13558703.13298183
1003,17576362.968945365,1999621.6003744404
1004,12266056.396214882,12268941.252019677
1005,2710451.024828723,13592371.039647743
1006,16621189.290746244,10829022.614484709
1007,37901353.58987125,11611795.174314704
1008,6262298.85956764,18240788.747411128
1009,1902047.2145873255,16417142.769920737
1010,5358317.996821772,6669838.594606759
1011,16722353.762991069,3909342.600103367
1012,5664168.057382967,7921448.568199014
1013,18068592.58386372,2650796.9740251866
1014,12425709.926571093,3131684.7512809387
1015,24471131.141775098,11420412.007028809
1016,12250594.19391396,3417151.5648558014
1017,14181481.731384074,4688767.265836229
1018,6124368.079525649,3590176.927705723
1019,19400900.93310993,18268514.787484854
1020,2410899.430033403,20571206.583246462
1021,10973024.049703168,14535563.987545505
1022,2355839.855025738,9126556.89556163
1023,5288585.096896113,10160937.341270134
1024,2717198.1993308603,26604820.824660294
1025,13516788.202261984,2058181.7315057311
1026,28120152.579343524,14009730.354075614
1027,5842902.062009967,4363122.92734453
1028,5644190.957129345,18595967.62888065
1029,7729588.381180688,33557136.8261581
1030,27440217.81299684,12595139.011742061
1031,2771846.7675766097,31046736.628851186
1032,3136514.3937393064,9389099.618901905
1033,2611369.039814515,3255393.2760496256
1034,4607590.650775377,7259708.8619164815
1035,4385613.293180881,3145650.6630929215
1036,15006807.75668459,20334418.048016287
1037,29781802.297312226,4327007.239718911
1038,12878629.571849572,10897432.411587538
1039,6320600.468067288,4495956.0867933985
1040,6106249.64713576,14230088.339616608
1041,16075871.180235554,9766020.290587433
1042,2074546.591322925,29329835.21623756
1043,22574041.45563431,20174671.916339785
1044,6998121.027239999,29461743.259867743
1045,10982307.308534918,7241703.563068641
1046,3541587.737715576,24401415.850493025
1047,11851576.830028553,14529353.404017095
1048,8749576.189842317,8562887.167147964
1049,12636735.378324669,20348266.43042252
1050,16634495.684841882,11914279.170425678
1051,18403662.55791037,14523596.56524852
1052,35062855.37071789,13140768.930993175
1053,34476690.889836505,3877649.42975416
1054,2540044.0170936156,11033345.780861063
1055,11545764.7739041,29490904.35610228
1056,5935544.315870424,38383398.76069533
1057,8831962.574887047,13243701.53042577
1058,17397637.574802082,15519555.355518607
1059,8961144.13146719,12760101.835464744
1060,12041365.399842784,2530521.9467079793
1061,7523968.721833412,2009465.7275062127
1062,20041095.284162734,14650762.923831258
1063,2189374.237269847,5198940.246085828
1064,9031857.816900406,13800542.42034779
1065,5112445.027533318,13350211.77249573
1066,33933467.28161324,10776369.46685571
1067,11871006.269244043,2985240.9311094065
1068,2803327.2977413116,4018048.1044113142
1069,7469608.317522771,2640529.4306547684
1070,12691281.404373784,10014235.242102431
1071,2115964.3687766856,2619550.5138390744
1072,2124905.726541549,8720039.513601284
1073,2759689.738520067,11195021.811628768
1074,12146358.25651885,22346486.067385107
1075,7784680.253330206,12067057.567118065
1076,19409019.873001292,4264059.5183649715
1077,15414719.36271658,3884488.259984247
1078,29545965.528597586,17918441.68054977
1079,7378075.155595316,6133500.929249028
1080,10901664.408547817,3225625.8856361774
1081,1997743.3244132944,12275498.984807756
1082,9477699.797925053,21676139.197430443
1083,2802609.827674551,5958236.341694681
1084,2922175.724748146,15035401.341845004
1085,7834814.85527477,2486789.781526548
1086,9012788.779738428,27771902.142802637
1087,4813951.112373012,16436933.942710409
1088,2339202.6373710865,3769386.792264236
1089,11355201.536045177,7118484.023365473
1090,4400008.364110098,3989896.6385553177
1091,9611123.935937183,2069730.7194808612
1092,14616054.212646088,2187706.415578436
1093,2237935.439996915,2292034.9626909746
1094,10992970.96257451,50633650.24399736
1095,20684770.074156933,11152829.99060911
1096,33712592.508615464,12463876.796963539
1097,2191778.3396999454,12288575.981980722
1098,4915911.299236624,4514125.929706647
1099,6596463.7389751775,5427419.98503826
1100,14591601.711731277,3323873.0556276185
1101,2158983.7548321625,10037739.022934563
1102,35510683.349413425,9032205.400099413
1103,2306815.8224404687,6676807.748316054
1104,3951172.298898795,14114612.21771559
1105,14585328.671046982,3061258.366759563
1106,5935649.673135592,23747704.329064045
1107,3525292.8342226185,29918917.396352336
1108,21476904.432363745,21655632.909741044
1109,14900842.623405408,2773196.1879302287
1110,16285287.643557005,4016353.1874744087
1111,3406305.8323659045,8673044.303092666
1112,14491007.066535318,9650074.184387391
1113,10229823.241898075,1993906.3229033188
1114,39799573.19908471,5155631.291227515
1115,2342292.4870367227,4319276.299482889
1116,2190427.2464544093,27969323.019984797
1117,9686660.683256002,5797491.41672301
1118,3642244.941628205,33865219.596881114
1119,3994630.2297706134,2057404.139331101
1120,36528059.47975515,2356361.7103646076
1121,2035425.1609528095,2214126.2738264957
1122,11200607.513029668,11545374.626632208
1123,23780923.116217487,32487120.543395467
1124,3408490.8202544437,11612456.899209658
1125,16515823.126062604,16567103.956603957
1126,2018904.1046954596,5252380.431961594
1127,2155636.3060437916,32940376.136287406
1128,12223115.973487234,4846536.615736177
1129,20793360.691661306,5882463.530008287
1130,5197362.94664848,1896844.3370266797
1131,13975946.82335275,12222658.680326669
1132,15634018.365124205,2204851.936556655
1133,2324962.586638435,18285614.494788654
1134,11179783.736656176,3627115.1612794506
1135,4385524.292162292,9094629.79782165
1136,6721734.759165408,8414540.905252824
1137,9686188.580173893,17255097.257688727
1138,2725800.1636967007,38107457.91241778
1139,2174297.813185416,2049335.732051138
1140,2232846.032959561,9409459.263421245
1141,25247106.654784467,15525838.238394104
1142,8336757.406474063,15116089.735381138
1143,5757542.017945914,13347322.550443692
1144,4204665.613828515,2940893.681867411
1145,17809029.65171395,12485416.72898682
1146,5878498.553025066,17525790.892176032
1147,7085772.989141222,15192933.098702962
1148,8024478.709949341,2391057.956365699
1149,13698082.694202008,11920722.77138176
1150,8199543.0448281225,13484352.468203768
1151,1987678.1071002586,4493775.455931428
1152,5936697.50718645,27787929.652039517
1153,13391331.169612616,29589314.330665346
1154,16488558.078474186,7170173.425232213
1155,7916257.020826681,8014422.79993948
1156,12934968.024478182,13867674.357007273
1157,14956358.840543913,2016434.2664390637
1158,6266708.344221726,2572846.4244284593
1159,2790255.3179890816,11418638.308062734
1160,17585868.20687805,9734594.38285063
1161,2708669.9651768105,2421021.882712331
1162,2160685.729675964,3852069.4481414338
1163,2252775.8487235154,9225368.543221658
1164,25516986.52548432,3288248.3149335887
1165,28304817.13269395,32173945.916781515
1166,10510492.19636291,6430445.370965829
1167,14358060.79828028,5040662.519734052
1168,2317666.7903374135,1997640.3612534432
1169,6992334.775758406,33100492.638279017
1170,4167217.1273171226,2087185.5464214282
1171,2075421.37130621,2957262.2682738616
1172,12032536.326147795,24730885.86745789
1173,4883690.464861695,15446197.737208875
1174,13737629.80609239,9645488.839906907
1175,2134569.1966986866,12338662.035618028
1176,15244075.305264117,11909449.877707783
1177,12264880.415190756,32161666.484346565
1178,6919296.853094445,13940968.751367819
1179,9227263.944642186,26908518.025542885
1180,27057564.55640884,3043046.776224948
1181,8178731.7127249725,20406623.099839207
1182,2903218.308572158,28988726.719359897
1183,5567053.1908361185,12503568.986059323
1184,2663606.877921714,2081797.232089782
1185,9060171.315350145,3914673.444092414
1186,6110756.359618794,2276370.2538501136
1187,11526643.5400946,8281943.989791802
1188,9564132.518603945,11867198.78652271
1189,2069258.0645285682,5512134.463843752
1190,5670522.32849806,8272872.678611094
1191,15393072.688226389,2705058.945711143
1192,5731544.233520544,6394688.079147137
1193,24057790.81587665,9091667.995259404
1194,2084565.179532694,23582732.675138585
1195,26555987.30063069,2736974.8957577962
1196,6727158.994395275,30924145.612251386
1197,19174428.478201978,11707219.128312768
1198,2977387.193810866,29419380.43306196
1199,11026035.028866636,14855870.121878365
1200,11053736.0788679,3823220.0001371494
1201,17995014.276267834,17286294.550256275
1202,5981330.057417931,32462421.593183417
1203,12206090.922146799,13578857.540754873
1204,14867183.150376128,4526779.543806743
1205,3650879.4449963593,33234590.46102725
1206,20549313.268974748,8020406.302811156
1207,2639610.0970631368,15593466.916363422
1208,11054053.367602497,31785056.57016382
1209,14461804.488627903,18273025.479756523
1210,8390836.558791546,2006787.7927427166
1211,9510918.850582235,14750768.95643239
1212,14559108.89225002,12963111.242075851
1213,12694108.641701877,4215390.880386716
1214,37243420.62312239,11772209.299055196
1215,11398341.09928942,19171795.899729855
1216,17736497.918682277,11885452.025586097
1217,3240861.2131462567,17313646.01955757
1218,41396364.95088094,3634067.6809170013
1219,12745929.317040885,2153011.4599345834
1220,3432035.0263706124,22948570.780404944
1221,26722766.820292123,8851575.951816428
1222,15282415.295774357,13696695.536673121
1223,10945340.726272197,17615289.65270635
1224,14251449.015330236,4570169.484706011
1225,5161724.113257038,4599967.067469804
1226,8235346.403809363,2475982.3486960786
1227,10925360.144003898,12565656.762089664
1228,16278693.122920144,11369639.147524975
1229,2170128.650420881,2707863.273268243
1230,3352257.580397932,19621963.19722286
1231,11768064.354219288,17044688.863080144
1232,2280329.056146846,6080183.711873047
1233,3359753.128238269,2116143.42828676
1234,11263544.39844261,14512800.785048557
1235,31083077.85587619,5437722.206608737
1236,2240732.014994863,3211693.872180287
1237,5139073.529295846,10606816.033208981
1238,20804188.82754051,8154488.407235521
1239,10486036.918073157,4612921.486030569
1240,2842639.7382246014,13040730.649276681
1241,8959204.811705396,4692512.970296661
1242,8433799.139619041,9501158.914722506
1243,3164350.160665222,18391222.6051694
1244,14896960.325754415,12789791.443422819
1245,1797962.3649362288,7599023.59625571
1246,6692583.909984358,4260041.892537212
1247,12503894.23013614,8344825.933684772
1248,10680640.069613952,16412609.696881888
1249,2483326.4954100884,6049436.374808994
1250,2196347.975680215,3131215.0528197587
1251,1949737.6312956125,16800729.10978275
1252,2007431.8496997333,6150681.430283713
1253,9377720.198865125,5961764.981501355
1254,2542491.845068016,2145062.089180644
1255,2657459.853686523,35867259.81418515
1256,15328096.007811164,1988644.5758859825
1257,6770046.951723724,20407120.411030818
1258,33046805.53187671,4476919.522763712
1259,24268262.730652433,4788135.816299181
1260,5589277.200375785,3067866.1134889508
1261,2312882.6752560423,3214126.7817131467
1262,3915783.5569694894,21261150.427182518
1263,4450045.147216718,13761607.34187013
1264,26684892.146990694,6273758.927062579
1265,2047706.2508761766,11316110.244408185
1266,16035211.643613106,3289449.762148632
1267,11489199.092119355,14465178.308630819
1268,6026949.441097543,13186285.2809001
1269,14772556.723815566,10562068.140945133
1270,14338472.448606223,9396689.453261234
1271,34582906.85712456,4972714.752870479
1272,32344032.575890522,17080236.272722173
1273,2283081.3297027117,14841554.333868861
1274,15046418.706479462,2167629.093037868
1275,28040798.31423587,15065910.403298883
1276,9949541.661307117,4080525.067431972
1277,20324427.53111927,3868690.3817084143
1278,5244195.284256295,14471768.663686795
1279,3973325.8087673774,4407059.288014491
1280,2099148.8433632734,12854023.793814354
1281,32847099.2617315,5112596.49379397
1282,31258357.65228927,4932168.482209895
1283,6058706.565840516,5487246.039300428
1284,9414544.093378175,6373798.3024202045
1285,2036114.965091732,17159187.12977465
1286,14256774.143336376,45128470.98639796
1287,14077498.460147,5033029.482043535
1288,12105248.177867556,4210254.382480089
1289,14419887.443621838,18796801.838812575
1290,8216618.549404783,4548382.078243745
1291,2222459.941366391,14532253.669820923
1292,8442203.676872268,16040491.927703986
1293,10717098.222861534,21581584.96564605
1294,2823620.579014765,3113778.242262876
1295,32627637.532086782,8313886.054840064
1296,5070592.995603579,5757945.541031956
1297,4348478.135813627,3625241.1345269494
1298,2332498.0893706298,13910117.21944807
1299,2607393.7328551468,2348544.2935172752
1300,13343928.93307286,8906766.736709636
1301,8033819.431666209,8597105.08892968
1302,4764717.3627781905,4865894.715680686
1303,3066791.100252382,2406496.9496437362
1304,9224617.368846586,24398230.120063208
1305,12019189.591544181,2389734.786659506
1306,11426538.631305134,26185257.722703993
1307,2136068.091795825,5276485.877836515
1308,34994731.150296256,3218710.7943353
1309,3340088.0209629047,10571732.401079178
1310,18163758.013410255,11115803.220208135
1311,30119776.07973829,9572763.129400838
1312,5623053.364926062,3512944.95333432
1313,11402401.283504914,2209983.01181268
1314,3909488.6807646872,1965886.6492167113
1315,2082237.6401196036,35678165.24415818
1316,2197305.0319774197,13044110.698789367
1317,2476062.1487643905,8048106.244921218
1318,2838998.443563031,2198808.459219411
1319,14720925.924758332,7756270.937240934
1320,18100344.233948477,14300749.959355861
1321,18477917.198193215,9209641.23890107
1322,6753279.792048514,2711752.6492742295
1323,16698960.224369975,18164483.8217992
1324,12741220.080454467,8745991.224895624
1325,14303055.84483597,2414489.351427408
1326,6734206.225276338,6453375.564987755
1327,6886180.805706895,14592606.869496774
1328,21234659.669185,2465983.5791359614
1329,7649410.940983056,12646373.955887243
1330,2059972.58144232,15562505.505416501
1331,13362209.823431402,7488382.960708136
1332,28755395.007465642,6919913.784652619
1333,6943916.400005449,13767920.54003045
1334,12139322.354993697,37180298.33360136
1335,28476098.122035533,4493783.233686443
1336,29463960.0012911,12335713.511242116
1337,3594846.2962488914,18042260.01535496
1338,18680246.791690905,12268889.123602493
1339,13105125.958465401,12138249.63584011
1340,21069401.411396805,5844733.1525179725
1341,4904417.208207146,14750072.988827711
1342,8340342.465617671,4963367.336205019
1343,2590718.011333058,2186012.3970661573
1344,2404889.2382282736,24977329.838145763
1345,11861182.255088657,3171337.468844435
1346,8156741.857456771,8187468.678893236
1347,30095702.730963457,11510406.200062003
1348,3965345.1122918855,6804050.303963842
1349,8736694.572282352,31708151.458552632
1350,9536591.866769636,12012664.256799288
1351,2201358.241189126,6160011.764914285
1352,20132609.42798551,18159231.32716596
1353,30181827.117411748,5701657.601437132
1354,13056205.381319473,9398807.253771244
1355,14429494.573898403,42777361.362246744
1356,13614957.358153282,26205484.762595415
1357,9264155.244275445,9072009.012737403
1358,8073056.555197834,12773609.760936603
1359,15804431.29440614,25954542.05381911
1360,11077370.357555345,4005283.0480422005
1361,5273934.498770667,17157989.172115132
1362,27329707.73721626,10672751.165517958
1363,4277873.402890966,2671040.4087146088
1364,7245046.924372864,20849617.197083697
1365,2514834.998953289,2485951.153158179
1366,2153032.039077051,16021539.636380292
1367,16846697.896604337,16401377.142071925
1368,7903166.383646346,2092599.1810376253
1369,5804980.00659965,13515012.311595932
1370,8070865.437914704,5480559.024172515
1371,2434606.800471576,2111102.226066849
1372,3911356.1894265595,12478273.30043985
1373,13023358.616748868,14439706.682778252
1374,3772270.950514222,27445902.24542427
1375,2261165.211497974,8529221.431146704
1376,8751783.850478606,45633389.47551432
1377,13336945.515689995,27675875.090296198
1378,2926188.524458184,6369817.74812212
1379,9102810.532942073,21612244.0243166
1380,25177983.791091543,2676978.1908673337
1381,2827632.7034337563,15778944.041576289
1382,4143615.3165184306,2065814.453904088
1383,36443534.00771599,34613819.44088147
1384,18614130.531506237,23579403.567844015
1385,12664508.545650592,24721865.260662794
1386,24825709.79932932,8707729.256198915
1387,16339776.166233333,10770858.806744475
1388,2240653.869687,12353485.79612674
1389,15224268.487353299,37180479.16746982
1390,12082126.987894608,4111909.9792307927
1391,16682849.25771931,13904499.657981724
1392,2080546.2794949147,29812242.59337836
1393,10439108.832308037,13306158.945423111
1394,4585781.204069034,6630079.846246307
1395,30520071.583252218,12137465.232167918
1396,8326179.801011592,2275741.7534234286
1397,12424583.689192317,6572601.472890405
1398,9831189.166092621,7325786.266740057
1399,12280886.89668559,9718129.370096521
1400,10422921.967288703,3023668.532827729
1401,3149408.6420736318,14861325.845411705
1402,13016141.289096694,6456595.30505606
1403,7569902.414661055,38531220.875272706
1404,15645354.459684169,11252834.791986328
1405,6258674.928152951,5434671.692546575
1406,18315878.29425093,7822907.250089042
1407,3374453.731576254,16299537.01786059
1408,3301646.7176892026,2845886.833934076
1409,10316281.710580157,10842090.359985556
1410,8065596.624020644,9605579.83738754
1411,32940501.957768694,10316174.0757703
1412,13163146.115011945,2292595.1856146846
1413,29317217.978752337,29541695.168076076
1414,10244606.685334317,27348255.913361873
1415,2870891.5901868665,2340987.0797672872
1416,18198642.901695255,3100914.2240755004
1417,2081163.7653099496,37709163.413202316
1418,6626104.837421652,2069896.5840161706
1419,12953560.074018585,8032360.445640496
1420,3203373.992247206,27029922.590042
1421,17935433.732787285,3846687.389307065
1422,11519151.69495217,13325699.609649418
1423,4048990.6916218996,11457242.12312798
1424,8726617.698190887,3516403.7487344793
1425,12410007.13446099,10469226.959993806
1426,2060844.2327314692,12311128.475563413
1427,2047933.286058998,8880285.220421487
1428,13819730.470810484,33230878.406857025
1429,11599065.516833931,2721639.6411726195
1430,5809086.732905567,27239736.530754462
1431,7821156.517348258,9571933.468856415
1432,12675363.271244813,11222279.827626146
1433,2223814.2689606976,2270609.273916963
1434,17929688.562143784,13805974.306649247
1435,3106794.9079866246,8161049.384961664
1436,8668344.29347639,1892133.2733120737
1437,11525452.162281692,12756449.399526577
1438,22886618.88742128,15067186.379040731
1439,2955835.3827174045,2508804.4431726444
1440,9656854.017405719,20896332.594798956
1441,7562997.297917246,17273621.57927006
1442,3321901.769418054,2143027.5951252156
1443,2590345.801953505,15098344.92796873
1444,2179339.166710995,8851343.934333306
1445,4446695.468635051,16944132.590614066
1446,13778110.48854429,16944058.33998205
1447,6353360.577627409,10392844.87665992
1448,13473787.998045763,11155945.884257762
1449,5305107.321092153,20150419.53387687
1450,16637375.923460815,12254347.959097693
1451,11774722.297874166,7534377.3640022185
1452,26966576.93074767,16060980.108949922
1453,3368446.650910788,5211913.874959545
1454,6329291.278697569,1963087.0640854945
1455,12189394.494185664,9208840.837436225
1456,2037249.659396201,25974208.188510388
1457,4260234.213681332,24429431.190726798
1458,11182514.32680466,1869003.931088012
1459,2542507.508562068,3452001.057599076
1460,11891300.270977803,6711180.82758492
1461,3543083.6949353614,6922072.550963956
1462,17698143.50344627,11984854.054476766
1463,2158222.2817485156,8389847.989500366
1464,11494442.893433923,6240455.425170562
1465,19743839.631514587,5849584.022164933
1466,2016650.9227663411,27883166.272125844
1467,13088797.70690675,2545696.785480303
1468,13435338.464882081,13747955.639732827
1469,2145000.4819707577,7005467.10879699
1470,9902299.495254919,16313458.276628539
1471,6862399.712134052,2499779.7996142777
1472,8750017.069155823,7743337.523830239
1473,12626535.023162749,1997889.3110313432
1474,6997654.013025472,14032050.567668935
1475,33167644.503837664,26773815.41904417
1476,11614951.634327501,2935575.859669936
1477,2018917.4927012688,2179317.6881459868
1478,25695724.40262963,21966425.13219999
1479,26125952.28049543,12928814.44474659
1480,6376419.412987085,32025109.299101934
1481,15289145.155144023,11647566.688130712
1482,27322679.20980245,37767439.520673595
1483,5803611.318971318,6467688.996336601
1484,2215536.696266664,25595967.746081058
1485,2966041.876618559,15338799.701105002
1486,2177810.177788847,5910655.370322665
1487,2681320.8159076036,3252814.137425502
1488,20291188.46152645,2314578.75155252
1489,2274697.0928217215,21788078.035910502
1490,12992053.412897067,17560144.536763307
1491,2330755.2925112667,16901868.60049969
1492,14996733.839222992,6681035.241816197
1493,8258277.250739287,26217742.05533293
1494,2270325.035856573,22458307.62803017
1495,15228856.650814936,17584081.124647073
1496,11382786.46400983,11947717.384895485
1497,20719669.549029544,1868695.5788515825
1498,3870552.1546362354,11731142.646152994
1499,28830100.88480182,36401651.507890865
1500,15407486.80163482,14814669.150853217
1501,14418355.047780802,9759625.945849964
1502,5885805.988279308,4293133.964904557
1503,17694112.08001019,11811620.0061945
1504,2629485.5444273185,16132237.400918428
1505,5237892.896338668,8292934.376358111
1506,10473515.011944752,13116487.386926359
1507,12178246.967332002,7669379.080618641
1508,2000214.3610537134,11102336.348074766
1509,12866528.632065035,11907767.340106383
1510,28572346.552581638,8544073.713703746
1511,31022916.345865604,9054585.476628968
1512,14891491.802158497,2271436.002811576
1513,12849573.100879597,26567660.20500729
1514,8455377.363324393,17040125.944684744
1515,10371591.390332012,12417202.135288926
1516,15582903.349093994,5524686.142190124
1517,17350566.058790576,36824478.734294966
1518,5312476.5960492585,15032567.906999841
1519,2018579.3990443994,5481021.87472262
1520,21108675.748333883,13148377.103695529
1521,17896658.570968438,23646355.793237805
1522,4102991.2141840276,5112783.978490583
1523,2033667.39794866,6418848.385668192
1524,32244578.718841057,2195635.524988064
1525,12615769.675722202,17393876.266223047
1526,8979012.555222256,17231580.131028444
1527,2477712.648934523,5147110.803099769
1528,3414604.6884558913,7096457.695136319
1529,11297850.222161444,30093644.60599435
1530,26126439.566719666,2716356.6444845325
1531,8474830.757904658,33582508.138204604
1532,12582131.052096676,12004448.835335262
1533,14065176.151804427,5326249.893834077
1534,8571368.698757939,10075028.007748503
1535,2242834.156187624,3607129.3490324668
1536,2091942.6595400881,9133007.399802957
1537,33263999.018613316,6468451.04064611
1538,10623010.836652106,2147117.632140244
1539,11132487.244421104,2810630.951635424
1540,9989512.29375868,2689343.304083533
1541,15813480.309292605,30930212.663925588
1542,20760425.535997603,24308517.3861923
1543,19304657.107857257,29709227.029730488
1544,3078650.4016103935,14419168.481368788
1545,2557038.0214970247,4628790.362327095
1546,9027323.443764824,18460902.468769606
1547,4555898.173785436,17114806.46606129
1548,2104568.9386795172,10817362.575520206
1549,28182626.764728,13338706.602012912
1550,5352779.752888185,2621367.0132574546
1551,12838038.019987619,2375267.7621655874
1552,17845870.301594872,4775003.063576741
1553,10940735.220323265,2730221.3830449358
1554,16281483.398918606,2218702.519930167
1555,6916675.674515094,9197241.027473185
1556,16614209.789953517,13598645.303039262
1557,7126413.457911507,35854769.5630004
1558,4009078.0777695575,19394607.54755715
1559,2437026.098346005,12701530.14405843
1560,13528260.616966518,15882776.05414943
1561,14373379.184864903,5807356.946046132
1562,2233121.702415359,7352689.2493826505
1563,34515174.46664707,15397927.66278604
1564,2345913.435590789,13837633.801088095
1565,3975895.7968632737,12499689.733325742
1566,16784762.17458363,10537055.828911254
1567,8036611.2396603795,7127454.067425776
1568,30666029.4082909,14034384.907198222
1569,17669146.362056598,2271080.2842871803
1570,12056408.024144668,2203992.003523775
1571,5420598.698194973,13094834.727787428
1572,16386258.876947358,27105927.889408223
1573,18318564.30891992,2287923.1007980416
1574,40461885.60101557,13018654.314291265
1575,13682032.462342115,11801046.51123761
1576,6356586.224347508,12708013.387381643
1577,8264847.035236377,3624804.664334127
1578,6313977.927826872,2776563.16202558
1579,2712822.7123238533,24859402.83244163
1580,15250616.480028298,6389260.403456479
1581,12061687.790809877,16839464.58413086
1582,13138494.341860794,26255752.125821155
1583,9845855.360299326,1918809.8234295002
1584,7110249.2109101955,17984144.51615409
1585,7978218.534236031,6125865.306271658
1586,3865372.518470211,6112480.552124335
1587,6994548.33526851,14762300.128637461
1588,11039323.27585126,12762668.87302455
1589,4456565.646564701,11320294.957840623
1590,25781781.235148765,11956189.349001784
1591,15065207.522604879,4058218.6838276535
1592,10879957.088088315,2399212.04037862
1593,11847155.989164777,3610617.171579399
1594,19883643.086949505,12399298.024108961
1595,4721095.628268094,13610741.95430786
1596,41557409.474945694,5105267.062152288
1597,4592640.550801702,10928763.622104356
1598,1969727.3061958326,6855727.70225158
1599,20384981.861370057,5197686.643916766
1600,37431106.496286884,2259304.248786028
1601,9411256.61633827,10082946.246371629
1602,49164640.536172844,3539842.7548192134
1603,30745092.72450633,2012037.43162836
1604,1957348.5511160148,10848494.189854024
1605,13734762.69881838,24058292.845778476
1606,9554008.32994701,2435841.74409163
1607,9850648.267186623,1966505.8635436823
1608,5521306.994964672,2538538.5303446013
1609,13847752.907024216,2620761.105720811
1610,6446088.744607941,11900013.325779537
1611,17998983.72198004,5365611.427491374
1612,10181247.493406981,6304654.062164874
1613,17009821.43379688,4709912.25718183
1614,14666520.095176265,16269853.277491419
1615,35432129.58635946,9731124.091661062
1616,3642788.8448376786,7447298.560842445
1617,9138840.319577133,29578200.709004093
1618,5365230.282666038,3598623.852240073
1619,11677806.219883677,2696591.997165077
1620,4850085.0820240155,12453707.846939322
1621,16780061.648581143,9821137.323395882
1622,12636259.408670543,15165308.767950665
1623,13329108.29825425,6799293.968829665
1624,12314921.314688643,2033861.5119050299
1625,10846013.546420818,16333716.552786788
1626,33209184.440109875,11788740.671266867
1627,8655520.267765759,7441195.183834997
1628,1943927.8852903985,9101089.292897617
1629,2142862.395840731,10024865.778298864
1630,37729845.22767759,25350662.482281864
1631,10399234.593755774,7384912.253451413
1632,11219849.629293196,4292668.036113369
1633,3628180.5796480854,2202986.532946886
1634,13847955.627834108,1982391.3434644362
1635,2428232.8967847684,3488196.2989096222
1636,3466653.8601685055,12059117.144455869
1637,27075584.41694246,1882983.4696899154
1638,11888727.696369605,12582054.962754887
1639,4336039.5751845045,7264642.805668956
1640,15136401.427015046,13225940.569912259
1641,11467623.297844775,30238121.911180977
1642,2219228.9734465405,3409318.9850429725
1643,17384035.485478092,22004316.957928967
1644,6798772.763601978,17298417.618248492
1645,16867238.026627995,2877121.4767148546
1646,11566466.940268511,2974665.20980311
1647,9480069.620849436,6356747.799909193
1648,2821145.41479294,12685318.224055676
1649,2668763.6373855607,7724136.929006806
1650,2763635.686153248,11828946.60075113
1651,6944805.424350041,11315708.806402044
1652,2191796.458857722,25345316.66274502
1653,14963634.939532569,21389170.94013493
1654,13851451.55859546,12902297.535888385
1655,1616804.40303362,6904666.906646966
1656,27079207.020561837,12074779.952645345
1657,16546783.061749514,28059513.11964958
1658,2603802.5256931134,13049780.748105159
1659,17730813.166376468,12483040.182335854
1660,11190274.722739197,4804400.861181161
1661,12857724.624777596,33963441.7790686
1662,6153770.214299788,12103086.013780681
1663,35399582.36063723,2335181.46604219
1664,8905799.836335896,14803900.444266269
1665,6654418.174828768,15421043.720678566
1666,2425436.3984496132,7266203.288848941
1667,18125960.903872076,14935701.64208042
1668,2024242.2508031884,13815539.38720712
1669,2668011.7993335137,6566954.289929292
1670,13121926.814764805,9427033.44690667
1671,2173616.532600895,16046735.08431283
1672,12164688.971660333,3040080.5647013867
1673,3431338.343992695,7523183.218139955
1674,9438115.040446233,5903117.712713217
1675,14744133.24038499,2644983.205760915
1676,13251694.718378183,5855147.4037101865
1677,30362916.86742451,31054272.524124857
1678,3812392.0262768962,9109853.533589639
1679,5108312.540051089,3311734.2486632834
1680,32971727.296460122,11672728.642120536
1681,2000263.7949756072,21639343.269645475
1682,29066624.214892216,21330500.283869307
1683,2202992.895832251,2160618.6314238384
1684,2779517.0759634217,2030090.6872825401
1685,11851427.098944016,3410551.71908236
1686,9538834.443779564,9639726.408494662
1687,3466095.2019806826,4803652.603041201
1688,4998219.952281467,23663351.99277025
1689,22514220.994787335,12851480.92574782
1690,12783657.063240068,34239807.48432014
1691,11181236.616129061,8073711.5950185135
1692,2884706.454752081,16781627.35368797
1693,23153821.7424995,4740747.719122147
1694,17581517.953745518,8545081.449842937
1695,2373271.2075286307,14130316.841748405
1696,5536870.145094572,3809616.6046251687
1697,14763280.257391453,9773798.391156716
1698,2179908.219216177,6990066.190138575
1699,19925789.65035385,3210550.5086383466
1700,16411537.518639123,9534784.568863083
1701,14226643.235020477,12968557.292407516
1702,33271206.699252963,5488615.0604908625
1703,8421815.346271913,1912709.4482230172
1704,2164580.5116215157,2417286.5817103316
1705,6802997.537119677,2176583.3945805226
1706,12224283.360481264,19028667.622335467
1707,10145561.455187097,8529002.37979115
1708,1973300.8555346588,6638344.012964133
1709,3223989.8148390385,22260328.263220586
1710,4219341.462883112,20652742.982313495
1711,9474978.959322788,6829292.371060109
1712,2223612.1721523483,12991829.63076093
1713,3714726.910085936,28332875.785914708
1714,2241336.954938123,2369951.394469163
1715,28357012.18313039,2424605.018640172
1716,5521955.434610114,25269153.74103555
1717,14813902.962259227,2829769.7015751386
1718,10757045.608064402,7496878.582500853
1719,5022599.280387234,2582458.7208251357
1720,11069823.466625607,12745837.053785348
1721,8282199.908251295,1815967.3039209966
1722,11607070.164823715,29944030.506413788
1723,18524654.96771592,1975390.2692300188
1724,2138144.852810822,15198907.965958055
1725,2632981.4032708136,18509861.821934585
1726,10950190.4565692,9489589.505551055
1727,22929552.148212567,12692769.908790141
1728,2740640.941815832,8977084.92828178
1729,22616514.566108428,17727004.416950807
1730,4611236.472167281,2240200.1254530703
1731,18030119.566332888,6567892.288011335
1732,10166696.240368962,2510918.393268819
1733,10516562.661606776,3068100.848432639
1734,8003001.362030079,2682463.303269689
1735,9461127.68481689,21789118.015246067
1736,5386361.424750392,31096434.258582152
1737,7084746.801476869,11349428.43342887
1738,2491849.9015109604,12706933.721426511
1739,11951532.93936049,29601999.857773922
1740,6614100.581135263,8293071.912228071
1741,3288822.2785504544,12908456.699810969
1742,2883111.129881348,16678175.587914549
1743,15923686.222300537,4616257.837966659
1744,10161005.435571657,4788857.708890946
1745,20414254.566189464,3593134.4169672597
1746,3871559.9732397753,9309900.726621473
1747,15990448.027345944,8505916.959685698
1748,7958626.735397912,12280086.42175917
1749,8479574.77181257,2484525.54122346
1750,10515942.404454893,2495762.8434113786
1751,12036615.683965646,11499460.147361882
1752,9664327.86523322,5323857.571948841
1753,12682676.965452297,11869219.451163111
1754,8843256.267152948,33582665.78601792
1755,22934300.20482219,13439220.578748941
1756,16198916.357684374,6770254.150293843
1757,9031907.10278553,27597391.784426272
1758,9320015.148041226,32853210.939960744
1759,2016938.908654873,2134728.0335061788
1760,14020303.709916621,27213277.618368044
1761,2439183.8359518736,18829758.024492785
1762,29998862.70569468,6317471.92948283
1763,10145603.051124925,19457712.59724581
1764,18346219.342944823,3536380.145768918
1765,2172357.396921361,24927797.03988886
1766,6685982.758034166,27767631.98284269
1767,26167676.6258875,3125586.016798208
1768,26286297.28757153,27149665.8856028
1769,24149642.79814308,29183949.974624444
1770,8309428.544614734,21161890.937198333
1771,9788360.214765482,15706109.755272916
1772,2154438.538633607,14831168.740518885
1773,4471781.3871299615,31034074.275530577
1774,17570918.24840732,2263684.1328230356
1775,15545316.872645212,15873917.643438099
1776,16685004.000788735,5772698.306374384
1777,2053640.0638787646,15559931.542351702
1778,11051326.110412829,20511260.231887374
1779,2146099.9756361987,5035618.118576486
1780,12044107.154639581,3063948.8949725586
1781,21119186.581557263,10036977.677686093
1782,34775063.14640832,14069479.496957624
1783,4610072.007918948,31618547.39017496
1784,1938854.0370855364,10943485.961881911
1785,4993176.494827131,8002315.903421617
1786,32346489.68651697,1893169.7874824395
1787,3776671.948812433,9473137.370697696
1788,9782007.081335207,2693977.741368066
1789,7525184.113294311,34351966.52554326
1790,2040887.3789082642,9150822.74714968
1791,28283128.11577715,6180209.039913249
1792,2889287.144846967,19860179.254121244
1793,14758990.483361498,2541654.494399131
1794,3234381.331751735,26106369.822474733
1795,2869359.215397376,2979851.656677436
1796,12031246.314118389,4235591.082140004
1797,13172724.672199858,18040799.989894725
1798,4042681.5641467576,4171009.0841652434
1799,16790668.86505174,9732140.269071843
1800,5473682.600325607,1939310.988915092
1801,2041733.4031585078,10687746.07007255
1802,1968042.0090362176,5282325.724594818
1803,28395593.656854473,5577990.522551613
1804,9876531.535679061,20515169.68348531
1805,38745289.009431496,14634579.90651751
1806,2548181.2329206374,12255235.06177017
1807,8509338.216240562,26548202.039224338
1808,19603949.311400056,2185649.4825716703
1809,2167223.635830433,6330506.942921008
1810,11185222.954992097,9753336.301087013
1811,31266542.126725957,10942598.931580972
1812,4438460.580847778,18219520.656250745
1813,6261323.1690513,10042763.115510331
1814,7660611.5880344305,10148377.317657951
1815,34269919.652853034,22021115.199540827
1816,13189427.77517632,42023338.53807397
1817,9580975.421742825,2923341.144251133
1818,2373429.083159576,9052466.002606966
1819,7077774.35318554,3142948.01492377
1820,2085469.3841444454,9183120.407576391
1821,18278622.62467301,5679919.224643868
1822,12711091.756723369,8079365.513823061
1823,5215875.995358579,2593038.427395088
1824,5820200.353477112,6903474.352120785
1825,8845050.034033991,14377346.099729646
1826,14943672.027775344,2747339.342206882
1827,5789689.242966685,14584338.468692971
1828,11562997.201870766,12790469.056633383
1829,2091293.7158669217,7356099.1202052925
1830,20243615.714375135,5584591.248381116
1831,2621193.8777941098,8703424.708408419
1832,15576346.867434068,11798315.366704082
1833,18185681.263532642,10877382.868652023
1834,11705120.448065454,18710483.883494478
1835,3872900.530430077,13301533.998666195
1836,8014514.25437306,18086504.468217913
1837,4228403.246834631,2249158.3339992925
1838,11485348.17674563,17090385.476746596
1839,2196947.4450713973,3052660.7242933223
1840,2175028.6739410404,42456636.15245825
1841,15282139.610126892,10762676.548686223
1842,3934943.559813978,6218649.448658395
1843,2130110.397936781,14755591.756833188
1844,7883799.764055039,10784638.027059605
1845,2686851.5656630537,18876967.69057012
1846,21231300.78777368,39418480.61288208
1847,3710294.41246207,16544744.425194386
1848,16222376.088280817,3559239.7448937944
1849,2106052.16181998,2790886.2519423766
1850,27607088.471459184,2576289.258916139
1851,2464702.0734688174,9485071.55850506
1852,15896937.33087388,8532585.453263136
1853,14569054.374213737,4225716.026567806
1854,14157073.47673133,9617491.485812405
1855,45253320.73788467,24270151.354832206
1856,23949387.88274667,2252108.289340864
1857,31295253.13157228,12011819.3524791
1858,9566573.290936561,11543452.193595376
1859,10620251.117576111,2185473.6337493444
1860,20333518.466408733,5220284.507480178
1861,19240612.319422904,4484163.146058732
1862,6763011.296674476,16973542.237754162
1863,2022157.827029395,6387959.046229718
1864,13409591.830446064,27800337.12164374
1865,3383517.7627104293,17087606.089463226
1866,10449378.947979495,9211722.775781497
1867,2023751.161838933,28121875.725222003
1868,8227180.249336979,11058336.217561297
1869,1918594.2326500232,2736393.7120311395
1870,7192434.000866629,1991023.172518486
1871,2022111.1187904559,7126713.701193199
1872,13268949.501880387,11233961.614504155
1873,2132035.502247893,7749760.509054389
1874,2106415.9569725227,12698161.428755844
1875,3595156.0657451604,29972384.84628288
1876,6178938.91497008,5925257.936408126
1877,10968476.444057398,4123540.3456724
1878,4857471.643855277,16492923.636260744
1879,27752367.165296163,6988562.906877615
1880,5667817.349565629,2097022.707663457
1881,2568207.5221111276,13141574.828215374
1882,4211523.667883165,4497276.55704772
1883,33347988.97340993,16038750.151778448
1884,3204352.447367686,2493148.2185854753
1885,3930316.8266327637,11158023.909772111
1886,13675373.247765485,17009390.59004768
1887,2130290.4494538736,16266528.107575092
1888,2283314.866197637,3120471.892629492
1889,2895340.139075451,2335895.8254165314
1890,14278387.359207481,14745239.58150457
1891,2489180.318653038,8116889.665915054
1892,2330898.4670497966,10607542.102457557
1893,13305313.54784746,2194566.9011865193
1894,1815509.54430701,16563441.50351895
1895,18347169.37275205,26657895.0070232
1896,2420389.181610265,13078476.908631228
1897,10076721.493468195,9932487.507368531
1898,2229386.3857696396,14847430.843281634
1899,26619181.354633454,2389359.629775974
1900,5526964.16435311,11872889.792323
1901,10398368.303630099,2044812.3230975727
1902,4183862.869835599,2063797.481790017
1903,8746127.36117753,2036364.0492837317
1904,24238863.912906956,6521803.763122087
1905,3802516.702929045,7872008.571976667
1906,3676550.7843832946,5981725.440099246
1907,21544175.545989506,9703545.587484933
1908,2210080.37713129,2025895.2273295014
1909,3856947.1137365014,28906237.22722519
1910,10232217.87695408,15852271.449859574
1911,14040851.038107563,11422420.43264639
1912,5319913.868626978,25546731.72404712
1913,6844002.961831593,3652368.5565296668
1914,29376963.88455308,21050061.937650196
1915,2341160.66198474,5878581.814283554
1916,15159890.401309209,2409289.2151927263
1917,2559267.5430664653,2408093.29167835
1918,3474057.398526518,25300908.176580977
1919,13990950.10952786,11103973.003162619
1920,2293260.980084817,33960110.12632602
1921,2320693.637913167,2292678.3591969814
1922,8956170.222507466,30824797.348860174
1923,4375617.350704998,12165021.935160367
1924,3495579.874419783,2122206.677407266
1925,2094364.6084295716,10712629.917951522
1926,2465775.034130058,1965739.3486352966
1927,2516529.778275316,2472434.7147494713
1928,2694788.958743286,26913227.526026826
1929,17768826.72218317,5151296.974009006
1930,11129514.874922076,17625989.743878458
1931,25162290.804098733,3288768.7369309487
1932,2226650.2566515175,6073880.459373322
1933,35097681.19400397,46761580.10916928
1934,158490657.3595425,157453662.03535572
1935,17619188.93211278,35757194.85812174
1936,2701298.5610019974,8367805.395217958
1937,2630670.1336814747,2472689.6300021503
1938,8853181.821566101,13500943.328655977
1939,12633874.548544992,2231063.8860587785
1940,28284115.377279297,2136014.636812824
1941,13827584.0505441,27065836.034933493
1942,14378714.394824686,9917642.903076794
1943,17360169.72440155,9990534.41581574
1944,3604534.519242411,5178779.265356502
1945,2269298.156879127,11555909.649531899
1946,3089119.063604244,13412859.634909103
1947,2609239.7438372145,18413332.191126097
1948,2496852.807489963,2735485.57711322
1949,14685388.262367724,4694068.595693255
1950,17354394.620039362,6172568.328129796
1951,16175182.544799674,4437601.105441754
1952,2063071.490096126,12903325.452458076
1953,2008219.16693426,3137946.8133329106
1954,2301521.386264578,1801426.3440359621
1955,8910097.468781456,7222097.191222454
1956,8824082.095700687,1813558.6027952943
1957,9107806.114252817,14333259.107855944
1958,2751343.449199782,6547128.581248589
1959,10941176.64408592,1814355.667347321
1960,12562207.774951674,14076523.289930977
1961,17610156.897107907,6729474.412138149
1962,15238907.972407483,9930213.528796112
1963,2564895.112064281,11800788.93592828
1964,2004059.7309241688,14886007.221359579
1965,7250439.299428117,10036997.672901934
1966,12832387.82365896,8663796.685082728
1967,4110217.831658464,3608020.2048060964
1968,15306622.10332888,32303091.295802094
1969,5673702.384022665,30060002.744478658
1970,15854179.763181321,34806666.7960023
1971,14519969.96715003,10294485.410967687
1972,3248593.554923571,8495600.382745113
1973,9243823.226243123,13684541.784292802
1974,2366847.6005323753,2649999.664883925
1975,37147862.5961056,28167014.58829874
1976,4426028.14303453,33248850.555722103
1977,10884892.329701087,29956713.165246572
1978,11088306.236385314,3126581.506903147
1979,4833590.124496986,3207914.180530919
1980,12883091.379275838,6396611.684303067
1981,4507760.824270433,3983610.351779911
1982,2195329.866392527,10031924.981479233
1983,13062197.893642059,2820859.249272558
1984,13996849.3169823,6760582.598539187
1985,1844049.8148047144,3278676.782516909
1986,39073565.428349495,12373211.802474424
1987,13806432.863565238,4678344.652611801
1988,16727576.267195253,15381200.492999684
1989,17168072.044095226,15553243.318735305
1990,3815420.2636705553,6695907.466670884
1991,8451400.798974171,15372713.087500226
1992,3331227.1522747274,6142368.529352401
1993,10139466.9826209,4782207.205177995
1994,13134336.331420302,3244213.3575235703
1995,6087249.223199826,3817189.7075149217
1996,2737554.0002176673,8857001.566018552
1997,18145250.273900177,9849999.134229627
1998,12608043.495387843,8731812.014341688
1999,15296555.871099627,13413226.482771998
2000,7843533.054200507,14813563.650433812
2001,2664787.044728633,26329756.298130356
2002,4356869.248471167,1969194.3088303392
2003,18484751.679541416,2617773.220789731
2004,2927267.3521881592,2398763.133421927
2005,1896051.7239069634,13387724.03149545
2006,4026622.486843364,12126755.51611033
2007,24127000.26932633,13364118.168005079
2008,14646931.274547057,13069148.841014856
2009,25794461.775568023,24362371.09620052
2010,6291118.523023929,2515493.728827326
2011,15276865.050879186,10490043.195436103
2012,2358970.65139128,10894485.147947786
2013,12398301.956823807,23092734.289304264
2014,5120107.664552105,13301355.947639067
2015,29715966.92261783,9783172.13925626
2016,4269986.417360817,29562739.852593563
2017,1880240.826438762,31835570.78119694
2018,12630063.73117254,10114974.818593297
2019,5928326.006647207,8388347.368031187
2020,2596745.588535565,17011889.523265213
2021,22314120.525416765,2460073.427259496
2022,7233517.2083097575,6757392.121909654
2023,5171744.347252281,8590543.667241445
2024,7410045.4623610815,4031169.4743881314
2025,3779420.2022853834,18645410.809602894
2026,14637297.476067334,9055296.351633713
2027,2149377.012872188,2789008.4680206613
2028,2809832.9174334477,29047289.91851158
2029,2419265.6460927767,8521224.222401906
2030,16205033.802849365,6909509.530018231
2031,33714454.454624526,27344562.731002968
2032,6609280.683658243,2258330.5725258966
2033,1940343.885647246,2204143.3792180847
2034,16866626.39609351,10627418.62474236
2035,5621582.522702533,9103693.426015077
2036,14153673.522484403,31697912.365861256
2037,5812836.655424579,15747217.248576926
2038,2851618.8467112617,9968373.357668921
2039,14090076.167494603,9475167.617534757
2040,21894071.576272987,16769886.120931996
2041,14008491.647513792,3687670.667469332
2042,35114741.96817079,9856669.841292962
2043,4046955.8391450034,24194682.6359782
2044,9214913.399325905,2805788.789766246
2045,18227154.347134933,2306619.00220264
2046,2263153.786006094,11942258.987712206
2047,30328162.89448906,7483594.656569503
2048,7986108.583807074,17283950.429389868
2049,2138293.222785073,2818958.3407406504
2050,11884134.723286608,28468387.976646762
2051,8069925.330226614,20414224.29038219
2052,2554955.9079505354,2405892.3463600534
2053,2143875.8786108717,13795599.294903949
2054,2790036.2221213384,5284935.058743936
2055,11110675.508954257,12437342.605773725
2056,4377028.234668581,13439160.558581756
2057,2666718.9773540287,44658534.87401796
2058,2384909.7148988773,19701398.40685961
2059,3643096.6255235956,33754681.232322566
2060,16963159.36200059,21530740.066589568
2061,10415877.583812531,4902278.873196309
2062,11751540.679677127,15258371.980596587
2063,9761751.159907047,15556492.051674383
2064,2037130.2991908926,13621442.706389489
2065,10283748.157706317,27148831.67413729
2066,13752897.458406236,8312931.432679698
2067,9852101.072758052,5301221.554759851
2068,3150932.0399412042,11913305.764844395
2069,2101426.305135718,2282625.460461746
2070,2370613.94250799,32565850.316928156
2071,5010599.830921409,19349628.72493241
2072,8736985.716752253,4864430.758281598
2073,3353848.461270694,1959803.3813206793
2074,17839606.600960653,2883196.355002057
2075,3521982.3041596795,1941936.2557477406
2076,2605169.050305128,1855250.8983107377
2077,2041238.872974078,12817083.167515703
2078,15091930.463207956,8018160.456596666
2079,9524544.309675863,2550696.125900147
2080,8566516.343712406,12039964.10013564
2081,11603871.548292253,2194051.462197519
2082,2738678.258494298,32434156.919356022
2083,2569552.5842537414,9270277.540777197
2084,20950085.54548837,4463515.247838058
2085,8964895.322327992,13865098.77606048
2086,1921136.8463643729,2096470.562333163
2087,8466467.052143106,2791248.861234726
2088,3591612.7649063137,17907169.353026774
2089,26937629.509971626,18046427.665389773
2090,12579227.063192407,15796853.192307886
2091,3570382.800758004,13832372.350613885
2092,12497619.055965705,5037088.24375623
2093,11886087.881756544,4255603.241380583
2094,2807289.7450870015,47781196.16730938
2095,26983016.79519531,2080684.847534247
2096,7014382.770795551,18858110.129442945
2097,2167284.141974622,20081900.924189784
2098,4384102.63960506,4958045.205348557
2099,14121379.918224545,15277786.58824587
2100,2015892.9077359913,2708894.0514052305
2101,14536306.189145928,8920537.208509214
2102,3194093.3361749826,7617385.178644054
2103,3887404.402303519,4136352.9392004716
2104,17293125.44606615,14002601.371603386
2105,3743257.3462747233,16281474.563342676
2106,2377451.8913964215,29271425.19326206
2107,6800477.584603056,16402039.341072708
2108,26789783.866745412,15219471.346797213
2109,3419578.192906206,2111230.729353901
2110,2781019.305300649,12294827.54722446
2111,12530090.397534374,12105140.336282091
2112,9104183.962901272,29498098.443352424
2113,5546076.700958808,2270461.816049737
2114,2136199.4795020535,28777518.810420174
2115,8995917.266723676,12380920.182253363
2116,13203392.668956302,19061949.459079318
2117,14910198.001194438,8834035.672013687
2118,11154109.47403644,12915482.880768457
2119,8176614.640415779,8482715.946258912
2120,2582795.1929274513,9814904.609649844
2121,2131918.0515175154,2650478.420632012
2122,25591416.88979245,4465238.328808122
2123,6595820.3285463145,2222514.524771142
2124,8236331.810110066,2865190.328861292
2125,3561525.2978513157,16156713.406396525
2126,2296211.390071837,3613359.3357556914
2127,12318780.658343256,2505197.581871122
2128,20408405.41163422,2146233.3557699183
2129,4668229.199786935,31700911.83303788
2130,34471410.15677133,12812245.558104932
2131,14397389.730192559,7231629.980188469
2132,4040704.531133927,5321614.300223568
2133,3895595.113540003,21820738.585858133
2134,4015117.392963189,3311876.76767823
2135,2718394.519790258,19375126.05116684
2136,10215762.488488037,6063607.787179014
2137,4235603.479576071,33710552.881108396
2138,7398279.988977964,7867104.107910893
2139,4397281.800516543,9105194.32887294
2140,2114723.1873078593,11835714.22911438
2141,8926121.923967566,29632345.556578934
2142,1913357.4360757442,4754155.781893899
2143,28990441.643038124,36183561.19055392
2144,10313646.571427297,9060121.825962061
2145,1696755.854764268,2216570.4230197957
2146,2153324.060940198,2458119.814360331
2147,2215777.531581243,6450056.309387014
2148,42293298.65266244,4899360.720432347
2149,2290985.5688085696,14298024.990373258
2150,9770657.572304685,2116977.6266635107
2151,1992670.6689873906,15364436.345680067
2152,2831819.1772103496,9063453.021179812
2153,3445100.0662335944,2558338.520205937
2154,6291734.735376117,2949732.7953627794
2155,2325988.0118616503,8575355.181332672
2156,11060612.314404521,9429683.64025852
2157,5630453.061874727,11967484.378389321
2158,27634056.1018573,2087686.7480039217
2159,6865117.400621101,1946608.6252769446
2160,12216158.087022137,30109599.942899227
2161,11475204.833436813,1778124.4387752858
2162,15844987.601866152,13524742.701941138
2163,2244247.496488693,1988477.4551417886
2164,4668842.617255755,2682609.1459143455
2165,4123324.6105779978,10755461.694597445
2166,37554500.24608652,37776332.62236399
2167,2654945.3994902726,15590545.954862311
2168,8171665.170421708,2366202.8978390014
2169,3971575.0024861665,10893475.680295931
2170,2729656.649902967,8421686.137058176
2171,16513878.653223412,15473944.496380359
2172,1880846.252318601,13210577.352695787
2173,2202158.9012611206,5106598.055779937
2174,15426869.817000266,18581243.96414854
2175,3701775.971786443,2701723.458628248
2176,2210411.363396759,6564338.315561594
2177,11857477.85714129,33158238.141746227
2178,16173434.602445109,4706656.229360775
2179,2307037.2506048423,2331046.7573206164
2180,16568744.730495753,5893653.4725157935
2181,2914346.4353736658,24684503.722758073
2182,9925631.158553753,2356327.1481578685
2183,3032428.6367128035,30252870.193446
2184,5436159.914623149,16472520.91552014
2185,33025426.134153243,2139294.4158369666
2186,11062478.850499254,2301025.2540797535
2187,22243174.063395135,18774454.000440557
2188,2047870.2577485116,19532136.246561617
2189,32321154.35454061,10323890.5317563
2190,26642986.138609517,9601918.056933595
2191,33331578.3536013,9629919.66493465
2192,3685760.4293814143,3476882.181709575
2193,2131189.777916218,4005041.971227619
2194,27601419.70445434,10055049.298307259
2195,29747137.09939223,4429087.339999516
2196,2274577.244037376,14586072.912960786
2197,18026768.26360063,29514149.829721153
2198,10442693.596634634,4916955.184975706
2199,2250704.4860346885,2024658.9330213524
2200,3857223.520719466,2664384.269202788
2201,13246279.346039064,14483847.819229448
2202,8235017.653611938,17255329.505983368
2203,26735481.530872036,2117139.9701570766
2204,4519482.894870262,12639102.256988859
2205,1831114.001664904,7018587.681877249
2206,6841982.71605496,2530838.1312790345
2207,10277253.131729597,6644855.964630178
2208,28178988.002881765,2255593.7464341396
2209,27380615.748297855,32948734.875744674
2210,3120533.2776479577,18014966.43799385
2211,12962204.725238571,5663393.968953215
2212,14224808.499019284,3269756.470914373
2213,14543497.484841578,11088184.648931917
2214,9792426.191934133,2083385.424193337
2215,16666298.281834293,12279281.805236379
2216,16799941.73799503,2175992.562755622
2217,36346552.46405813,2070697.028399274
2218,10606997.572513018,4459010.831668734
2219,13714844.747950438,26116079.150291376
2220,11924887.879772523,7036854.722708029
2221,3662008.228217379,10140168.970187424
2222,37165585.50844046,10820307.94968203
2223,23350194.300776955,12538037.189890798
2224,12178227.680322915,2763508.3833487127
2225,20479325.91181927,2285202.270197724
2226,17496246.941036794,4642146.101078101
2227,15456401.212585228,2164461.0648145224
2228,3175515.1662261556,2357124.117123656
2229,11206910.047683382,1954179.6405959832
2230,2480765.361981954,5339458.2619320685
2231,22708239.598573577,5640587.019578727
2232,1965252.4560610992,19092514.54805089
2233,3042684.722418432,4489042.1339005735
2234,7760373.392512604,15839345.422790546
2235,29089004.02060165,35031276.12174725
2236,3848540.8381701955,15870564.671911651
2237,2050111.0793682407,14558725.29824409
2238,2139989.1456023343,35977273.07522206
2239,25209365.771282595,38740717.48674648
2240,10072801.76121994,6564630.260011419
2241,7509152.596109336,3202121.0650550607
2242,11147551.331680503,9151452.452050736
2243,6929043.36043102,1820996.6393935021
2244,2155443.0876386636,1929314.5524168345
2245,39312426.79487304,39576212.30973126
2246,9949409.01804771,2629591.289567683
2247,9965657.387449844,4351093.844122071
2248,8191937.466249462,3290094.8007505145
2249,9343890.970589047,51177189.435063094
2250,2472498.8753650826,9837930.010404646
2251,2045713.8049577982,10882200.252634624
2252,2080079.7591939976,2990442.261490454
2253,2068615.4525183565,7329489.866686258
2254,13113412.107063374,9761586.958613914
2255,9928058.571549341,13810352.449677102
2256,6638603.610053921,17194960.222432435
2257,40749820.54805808,4091030.6036817664
2258,12814819.135224875,14600176.99315306
2259,1980839.6891793539,32985830.74592642
2260,3970571.1486749114,3963141.5372962686
2261,37457071.679556526,14520347.132129034
2262,19678556.04723653,6046865.57704584
2263,7886833.392890003,34936581.245237045
2264,17527547.016507413,11361871.308933837
2265,21039517.745205786,8517283.762362992
2266,17259294.31795003,7402666.591894466
2267,12866729.821959997,16533557.34847516
2268,6726511.512919592,7160761.945580561
2269,36185250.86697462,13999799.207272034
2270,5738008.498328037,49103400.86978869
2271,3168580.235007953,22578169.943578444
2272,17714371.299874116,7884390.205572486
2273,11950378.206150893,14703690.75150303
2274,9434049.485126382,22232864.479609154
2275,7698217.574713168,3190303.7823524056
2276,12896753.952140924,2017542.225399034
2277,11562319.091594385,33832821.68495841
2278,3133118.2281873864,33900739.745529704
2279,1947849.5257868823,2157114.3217611206
2280,24980530.478940602,2847877.8320009476
2281,19772891.139283497,12858845.00167462
2282,3536084.172406812,4674383.328746276
2283,5976169.396491792,10671075.396191256
2284,12337561.45932401,13708966.507057508
2285,7199841.282602958,6191402.530425312
2286,5548794.328952997,10422383.456020791
2287,19836324.627425294,7615231.117764337
2288,37083510.48270018,2068879.5663975037
2289,6142904.265844737,3699532.8420321094
2290,2343456.9282540223,2345416.701598873
2291,2479528.211731045,13565139.328772707
2292,3082936.412160134,2165574.321717287
2293,3015232.4683800405,35671636.41274262
2294,2833946.7913908437,9966882.724258177
2295,12358907.972338542,10006075.934466751
2296,10739657.936654052,19145347.972280513
2297,6992540.5533319125,5897330.528120072
2298,4298334.3157853745,13711414.957797416
2299,11107388.727311343,5624193.128865084
2300,12351966.476961376,29912306.15553795
2301,14646743.146133576,7055853.702869127
2302,5814432.816377918,3393191.3851329493
2303,4227594.934100005,4727864.284757484
2304,2349347.0483092405,11757760.345131531
2305,16370561.435270024,2650429.1814844795
2306,2098398.5119748972,2125632.6397413923
2307,10740936.209412877,3592674.2470020023
2308,15148501.15540875,10544601.960596852
2309,35891864.1688299,24276596.869212426
2310,17499753.555908523,3010611.016256912
2311,49185224.77115477,7754420.451007891
2312,30744020.748046607,2168678.2690809052
2313,2455052.835924916,3280117.842417698
2314,11333001.244732356,11083041.303880855
2315,31349962.11747912,16762742.949505502
2316,5366811.944217124,20097433.194221277
2317,10651134.464899866,21348723.557240833
2318,10542415.830850575,2111509.404866327
2319,8450756.665952351,10051127.652813373
2320,18320948.831426997,2546100.94079796
2321,2281707.5303093283,11168143.273127338
2322,6373861.105810549,15407661.78070855
2323,12971906.286584044,2020851.9190977246
2324,4557098.393357411,3346014.3717171843
2325,12584047.099248141,31987983.85438099
2326,17881183.252794214,10410766.40057865
2327,15098155.384170186,1982695.3610521988
2328,5480151.920431178,5913386.588104706
2329,15251975.15377219,14814803.134382395
2330,4141904.893849307,2182362.261851078
2331,4481404.72733746,5129042.419720193
2332,11509678.69426614,25805982.31583326
2333,5989438.568625854,4113669.6939571523
2334,6664320.494133499,11285941.516115144
2335,2576637.0040329876,18058303.16933166
2336,15580577.494850872,13365116.697496539
2337,12945594.661023598,5162949.511721832
2338,11769445.756068584,7171971.508890079
2339,18329319.44782034,2501877.53086585
2340,13292369.953380384,6303244.987857183
2341,2224040.3185138176,17010922.387628853
2342,13460500.570817633,13377717.37866263
2343,6042470.490360195,5875815.542394986
2344,15378584.315988204,16439155.774425194
2345,6941737.236416488,13512159.501314113
2346,26163159.173868276,6604093.568524039
2347,9047725.411224494,38746553.593624994
2348,10806583.661176281,5618787.995459437
2349,2017787.4613924492,9943589.357748056
2350,14392926.590040067,4103819.0310701444
2351,2283211.414634147,14706908.727060776
2352,2664857.6628690953,14424840.780635614
2353,11406470.630190793,9535978.205589695
2354,5851733.188872694,31332981.062047835
2355,19360087.847658686,4104140.2771845544
2356,18607903.041919954,3667396.193539932
2357,12897917.464448942,3384055.3130245046
2358,1986292.0911096998,11533670.440657431
2359,32493575.206813443,2605349.0392574016
2360,4275910.019924346,7284357.096098298
2361,23857268.299311146,2308080.7967444705
2362,7609268.185219895,4193739.4647800787
2363,3344245.107671875,14957594.830638025
2364,14524619.171596425,2504037.590620688
2365,2094283.976076107,12813892.073929125
2366,7112339.046150931,5321202.416575941
2367,14971826.750384478,2543820.881286606
2368,17453283.585304763,6009498.8626010455
2369,6046091.042602266,13694720.500342518
2370,12185844.650193563,2080781.1121311963
2371,33933538.34006776,5363425.172811119
2372,29919616.161948524,11042411.169161784
2373,2675779.746030613,41327489.36000326
2374,12844944.26075371,5191364.955520786
2375,17499469.788834833,8145941.369291035
2376,3122046.9023702275,4424330.200515407
2377,4314058.376251991,10585262.178916102
2378,34313133.65003932,4752765.515117909
2379,2511969.878620424,4216058.572414226
2380,9144078.10750711,9723529.663149793
2381,4178380.9757085894,25318317.249679588
2382,12115616.672951022,5693920.618312876
2383,7806368.373417057,24887185.49459169
2384,15560641.084997507,1991293.4239669652
2385,15539413.858641012,2160161.200902554
2386,14715172.930713207,3475084.3480698066
2387,4719701.311572616,2491423.6297465237
2388,3788288.7774634687,2102341.286340919
2389,11774272.854309047,35847355.13863021
2390,14822480.942025132,14666006.796424387
2391,17589736.10727241,4269705.916802714
2392,2588459.636190137,35019748.04705591
2393,2594220.7597721415,10946491.257641867
2394,5237322.22216675,16318147.332139732
2395,2374163.612499759,7985794.893692296
2396,2185766.321571778,7810737.867910583
2397,13220578.30498894,2750679.5972953183
2398,20743593.61278239,6997025.310907811
2399,11414456.140024895,13385816.777348455
2400,18688331.0434242,4830419.502571254
2401,2603238.9884440796,4180821.6243182304
2402,6639443.191730055,8971799.90571595
2403,5731948.288622252,5006981.486007974
2404,16370284.37139955,36648227.03367913
2405,1985198.7033248027,2572332.526672212
2406,3271484.894208017,2735992.3452558727
2407,19185726.882552,2856600.6689598314
2408,27776041.48202555,10706064.58937399
2409,3025547.679768905,7134742.7799213845
2410,6399723.858074916,29289007.797884185
2411,10518831.67998233,5381276.097204824
2412,8173738.489177499,5794610.597031388
2413,24391496.066342987,16746629.267560175
2414,2398561.5450273682,3860619.37541592
2415,5491832.96030467,9708100.119024627
2416,13055641.536735078,13319401.38358856
2417,16241732.451438107,34955764.23711618
2418,13323774.240667442,1990133.6156866895
2419,15581052.472646004,2212558.2017713883
2420,17501985.12220694,15028924.45429769
2421,3509204.181472204,2301564.845098133
2422,8231621.094085871,4854568.648229107
2423,10949236.151958952,17579821.03308975
2424,11579314.967153516,12939619.045448529
2425,42830249.974760376,3847012.9278353825
2426,4078673.2506600097,13770910.35800872
2427,28600222.384679943,1953146.7048714913
2428,13732343.681547735,9647569.634066844
2429,1841313.5769573734,13836446.338357024
2430,35104522.1122079,10092677.558228347
2431,8696677.661435392,14896318.652864158
2432,24989186.306355525,2374223.3642582535
2433,2009773.9589185917,16310903.174458416
2434,3985616.9052638607,12861664.248770257
2435,25990524.956767432,19393996.30128683
2436,11824940.13019955,9240845.278992467
2437,6495952.9515545005,9123976.75436464
2438,9767541.300112596,20091768.49781392
2439,36483361.12373284,13677109.427864185
2440,13985517.554610467,26241065.701374058
2441,6030657.100766398,2221612.0964285
2442,3649024.481946227,2880804.3453675597
2443,15831062.722391704,9414220.150752045
2444,8349098.117782597,9077120.123644145
2445,18761303.367516052,13432834.897796772
2446,17275939.902053807,25247191.82905607
2447,13993004.633296903,15721632.88741827
2448,2025143.4383037104,5606655.625951412
2449,3936775.429806201,17528041.836245194
2450,3778777.5513999085,6457310.11273643
2451,21759382.55799011,17254315.044142764
2452,17377273.754074894,2743291.4428704353
2453,39401888.064746045,26746418.089146197
2454,2390621.837219579,2760994.5183126023
2455,1989301.325145278,8896135.2123556
2456,2184131.723780817,4642725.507411944
2457,5360729.469897288,3610407.370071705
2458,5811853.725371319,9174851.857006624
2459,26071813.028616864,2445115.8388194456
2460,15442823.463253785,32756869.855132923
2461,22634511.63041337,35790338.28794054
2462,14770142.701095177,14360390.14700958
2463,16739333.684509289,3052674.1888829814
2464,10894408.299560903,8125157.039436692
2465,4497310.405817311,12499416.770707112
2466,8036008.396800071,10289982.332038315
2467,10916546.658064574,28544038.056003448
2468,2278792.6820154474,10047547.575541984
2469,12419905.270802397,5849697.65215207
2470,3360365.6199614033,2319580.1448084335
2471,5785907.785529075,47540087.28084283
2472,28158436.313123733,2326161.026403865
2473,3942199.3751348094,2357477.22130919
2474,3614429.093442987,2360042.508031836
2475,6430526.973626161,15691937.574126936
2476,2393280.7524959855,3463489.6961981277
2477,12372342.269481989,4147719.3975118324
2478,2159545.5431664386,26511280.076055285
2479,2425042.832354095,19864985.94993125
2480,6742615.227161226,13660685.844966114
2481,3194996.9463583464,2607192.544146472
2482,13445699.638539402,2100680.3296819148
2483,13600633.83119566,15356510.857857361
2484,17475495.88783099,2221103.4932862325
2485,13415708.715051247,3589823.611049837
2486,3606381.4746602685,2406886.0102460566
2487,18543337.685615804,4505403.541206872
2488,15046676.323535739,38560494.033289894
2489,5776564.668182154,8489043.279529225
2490,10260949.89921946,29517849.41973046
2491,2183640.467488342,5920242.2244728
2492,4044697.9732858245,13284309.459340861
2493,17574260.41043162,11650952.357301643
2494,4932363.215697727,10446134.61070382
2495,10185780.694536475,13998853.906338202
2496,29665332.47461549,6524330.690617761
2497,6996178.379189558,8170751.703557176
2498,7752858.261026355,9263140.825532006
